{
  "type": "FeatureCollection",
  "features": [
    {
      "type": "Feature",
      "properties": {
        "osm_id": 170199399,
        "name": "",
        "name_en": "",
        "historic": true,
        "stop_id": null,
        "height": 8.5
      },
      "geometry": {
        "type": "Polygon",
        "coordinates": [
          [
            [
              126.9763576,
              37.5795862
            ],
            [
              126.9763734,
              37.5795857
            ],
            [
              126.9764181,
              37.5795843
            ],
            [
              126.9764192,
              37.5796111
            ],
            [
              126.9764369,
              37.5796106
            ],
            [
              126.9764500,
              37.5798643
            ],
            [
              126.9764604,
              37.5800723
            ],
            [
              126.9764607,
              37.5800792
            ],
            [
              126.9764067,
              37.5800809
            ],
            [
              126.9763828,
              37.5800817
            ],
            [
              126.9763721,
              37.5798665
            ],
            [
              126.9763576,
              37.5795862
            ]
          ]
        ]
      }
    },
    {
      "type": "Feature",
      "properties": {
        "osm_id": 170199400,
        "name": "자경전",
        "name_en": "Jagyeongjeon",
        "historic": true,
        "stop_id": null,
        "height": 8.5
      },
      "geometry": {
        "type": "Polygon",
        "coordinates": [
          [
            [
              126.9778417,
              37.5802234
            ],
            [
              126.9781119,
              37.5802185
            ],
            [
              126.9781104,
              37.5801674
            ],
            [
              126.9781908,
              37.5801659
            ],
            [
              126.9781926,
              37.5802298
            ],
            [
              126.9783569,
              37.5802269
            ],
            [
              126.9783592,
              37.5803055
            ],
            [
              126.9782046,
              37.5803083
            ],
            [
              126.9782054,
              37.5803364
            ],
            [
              126.9779446,
              37.5803411
            ],
            [
              126.9779480,
              37.5804602
            ],
            [
              126.9778485,
              37.5804620
            ],
            [
              126.9778417,
              37.5802234
            ]
          ]
        ]
      }
    },
    {
      "type": "Feature",
      "properties": {
        "osm_id": 170199416,
        "name": "연생전",
        "name_en": "Yeonsaengjeon",
        "historic": true,
        "stop_id": null,
        "height": 8.5
      },
      "geometry": {
        "type": "Polygon",
        "coordinates": [
          [
            [
              126.9773369,
              37.5793161
            ],
            [
              126.9774378,
              37.5793129
            ],
            [
              126.9774446,
              37.5794476
            ],
            [
              126.9773438,
              37.5794509
            ],
            [
              126.9773369,
              37.5793161
            ]
          ]
        ]
      }
    },
    {
      "type": "Feature",
      "properties": {
        "osm_id": 170199423,
        "name": "사정전",
        "name_en": "Seojeongjeon",
        "historic": true,
        "stop_id": "sajeongjeon",
        "height": 8.5
      },
      "geometry": {
        "type": "Polygon",
        "coordinates": [
          [
            [
              126.9768830,
              37.5790074
            ],
            [
              126.9771179,
              37.5789999
            ],
            [
              126.9771243,
              37.5791266
            ],
            [
              126.9768894,
              37.5791340
            ],
            [
              126.9768830,
              37.5790074
            ]
          ]
        ]
      }
    },
    {
      "type": "Feature",
      "properties": {
        "osm_id": 170199424,
        "name": "경성전",
        "name_en": "Gyeongseongjeon",
        "historic": true,
        "stop_id": null,
        "height": 8.5
      },
      "geometry": {
        "type": "Polygon",
        "coordinates": [
          [
            [
              126.9765969,
              37.5793412
            ],
            [
              126.9767009,
              37.5793385
            ],
            [
              126.9767066,
              37.5794733
            ],
            [
              126.9766026,
              37.5794760
            ],
            [
              126.9765969,
              37.5793412
            ]
          ]
        ]
      }
    },
    {
      "type": "Feature",
      "properties": {
        "osm_id": 170199428,
        "name": "근정전",
        "name_en": "Geunjeongjeon Hall",
        "historic": true,
        "stop_id": "geunjeongjeon",
        "height": 8.5
      },
      "geometry": {
        "type": "Polygon",
        "coordinates": [
          [
            [
              126.9768054,
              37.5784487
            ],
            [
              126.9771673,
              37.5784350
            ],
            [
              126.9771781,
              37.5786478
            ],
            [
              126.9768146,
              37.5786574
            ],
            [
              126.9768054,
              37.5784487
            ]
          ]
        ]
      }
    },
    {
      "type": "Feature",
      "properties": {
        "osm_id": 170199439,
        "name": "천추전",
        "name_en": "Cheonchujeon",
        "historic": true,
        "stop_id": null,
        "height": 8.5
      },
      "geometry": {
        "type": "Polygon",
        "coordinates": [
          [
            [
              126.9765744,
              37.5790564
            ],
            [
              126.9767337,
              37.5790514
            ],
            [
              126.9767375,
              37.5791252
            ],
            [
              126.9765781,
              37.5791303
            ],
            [
              126.9765744,
              37.5790564
            ]
          ]
        ]
      }
    },
    {
      "type": "Feature",
      "properties": {
        "osm_id": 170199440,
        "name": "광화문",
        "name_en": "Gwanghwamun Gate",
        "historic": true,
        "stop_id": "gwanghwamun",
        "height": 8.5
      },
      "geometry": {
        "type": "Polygon",
        "coordinates": [
          [
            [
              126.9766381,
              37.5758723
            ],
            [
              126.9767331,
              37.5758703
            ],
            [
              126.9768292,
              37.5758687
            ],
            [
              126.9769270,
              37.5758662
            ],
            [
              126.9769900,
              37.5758655
            ],
            [
              126.9769913,
              37.5759079
            ],
            [
              126.9769942,
              37.5759824
            ],
            [
              126.9769310,
              37.5759840
            ],
            [
              126.9768879,
              37.5759845
            ],
            [
              126.9767865,
              37.5759861
            ],
            [
              126.9767364,
              37.5759880
            ],
            [
              126.9766414,
              37.5759911
            ],
            [
              126.9766399,
              37.5759308
            ],
            [
              126.9766381,
              37.5758723
            ]
          ]
        ]
      }
    },
    {
      "type": "Feature",
      "properties": {
        "osm_id": 170199441,
        "name": "만춘전",
        "name_en": "Manchunjeon",
        "historic": true,
        "stop_id": null,
        "height": 8.5
      },
      "geometry": {
        "type": "Polygon",
        "coordinates": [
          [
            [
              126.9772642,
              37.5790345
            ],
            [
              126.9774334,
              37.5790291
            ],
            [
              126.9774371,
              37.5791029
            ],
            [
              126.9772679,
              37.5791083
            ],
            [
              126.9772642,
              37.5790345
            ]
          ]
        ]
      }
    },
    {
      "type": "Feature",
      "properties": {
        "osm_id": 170199443,
        "name": "비현각",
        "name_en": "Bihyeongak",
        "historic": true,
        "stop_id": null,
        "height": 8.5
      },
      "geometry": {
        "type": "Polygon",
        "coordinates": [
          [
            [
              126.9783006,
              37.5789800
            ],
            [
              126.9784986,
              37.5789743
            ],
            [
              126.9785017,
              37.5790420
            ],
            [
              126.9783037,
              37.5790477
            ],
            [
              126.9783006,
              37.5789800
            ]
          ]
        ]
      }
    },
    {
      "type": "Feature",
      "properties": {
        "osm_id": 170199444,
        "name": "연길당",
        "name_en": "Yeongildang",
        "historic": true,
        "stop_id": null,
        "height": 8.5
      },
      "geometry": {
        "type": "Polygon",
        "coordinates": [
          [
            [
              126.9773043,
              37.5795216
            ],
            [
              126.9774465,
              37.5795171
            ],
            [
              126.9774495,
              37.5795771
            ],
            [
              126.9773074,
              37.5795816
            ],
            [
              126.9773043,
              37.5795216
            ]
          ]
        ]
      }
    },
    {
      "type": "Feature",
      "properties": {
        "osm_id": 170199447,
        "name": "흠경각",
        "name_en": "Heumgyeonggak",
        "historic": true,
        "stop_id": null,
        "height": 8.5
      },
      "geometry": {
        "type": "Polygon",
        "coordinates": [
          [
            [
              126.9765097,
              37.5796936
            ],
            [
              126.9766990,
              37.5796886
            ],
            [
              126.9767007,
              37.5797280
            ],
            [
              126.9767025,
              37.5797729
            ],
            [
              126.9765132,
              37.5797779
            ],
            [
              126.9765097,
              37.5796936
            ]
          ]
        ]
      }
    },
    {
      "type": "Feature",
      "properties": {
        "osm_id": 170199448,
        "name": "자선당",
        "name_en": "Jaseondang",
        "historic": true,
        "stop_id": null,
        "height": 8.5
      },
      "geometry": {
        "type": "Polygon",
        "coordinates": [
          [
            [
              126.9778376,
              37.5789826
            ],
            [
              126.9780309,
              37.5789770
            ],
            [
              126.9780347,
              37.5790584
            ],
            [
              126.9778414,
              37.5790640
            ],
            [
              126.9778376,
              37.5789826
            ]
          ]
        ]
      }
    },
    {
      "type": "Feature",
      "properties": {
        "osm_id": 170199459,
        "name": "재수합",
        "name_en": "Jeasuhap",
        "historic": false,
        "stop_id": null,
        "height": 5.5
      },
      "geometry": {
        "type": "Polygon",
        "coordinates": [
          [
            [
              126.9784878,
              37.5805957
            ],
            [
              126.9787145,
              37.5805987
            ],
            [
              126.9787125,
              37.5806911
            ],
            [
              126.9784858,
              37.5806881
            ],
            [
              126.9784878,
              37.5805957
            ]
          ]
        ]
      }
    },
    {
      "type": "Feature",
      "properties": {
        "osm_id": 170199463,
        "name": "함원전",
        "name_en": "Hamwonjeon",
        "historic": true,
        "stop_id": null,
        "height": 8.5
      },
      "geometry": {
        "type": "Polygon",
        "coordinates": [
          [
            [
              126.9765219,
              37.5799340
            ],
            [
              126.9767112,
              37.5799290
            ],
            [
              126.9767147,
              37.5800131
            ],
            [
              126.9765254,
              37.5800180
            ],
            [
              126.9765219,
              37.5799340
            ]
          ]
        ]
      }
    },
    {
      "type": "Feature",
      "properties": {
        "osm_id": 170199464,
        "name": "응지당",
        "name_en": "Eungjidang",
        "historic": true,
        "stop_id": null,
        "height": 8.5
      },
      "geometry": {
        "type": "Polygon",
        "coordinates": [
          [
            [
              126.9766520,
              37.5795504
            ],
            [
              126.9767929,
              37.5795467
            ],
            [
              126.9767954,
              37.5796067
            ],
            [
              126.9766545,
              37.5796104
            ],
            [
              126.9766532,
              37.5795785
            ],
            [
              126.9766520,
              37.5795504
            ]
          ]
        ]
      }
    },
    {
      "type": "Feature",
      "properties": {
        "osm_id": 170199467,
        "name": "수정전",
        "name_en": "Sujeongjeon",
        "historic": true,
        "stop_id": null,
        "height": 8.5
      },
      "geometry": {
        "type": "Polygon",
        "coordinates": [
          [
            [
              126.9757961,
              37.5789145
            ],
            [
              126.9760994,
              37.5789057
            ],
            [
              126.9761051,
              37.5790291
            ],
            [
              126.9758018,
              37.5790379
            ],
            [
              126.9757961,
              37.5789145
            ]
          ]
        ]
      }
    },
    {
      "type": "Feature",
      "properties": {
        "osm_id": 170199469,
        "name": "경회루",
        "name_en": "Gyeonghoeru Pavilion",
        "historic": true,
        "stop_id": "gyeonghoeru",
        "height": 6.8
      },
      "geometry": {
        "type": "Polygon",
        "coordinates": [
          [
            [
              126.9757549,
              37.5795851
            ],
            [
              126.9761637,
              37.5795740
            ],
            [
              126.9761784,
              37.5799154
            ],
            [
              126.9757697,
              37.5799265
            ],
            [
              126.9757549,
              37.5795851
            ]
          ]
        ]
      }
    },
    {
      "type": "Feature",
      "properties": {
        "osm_id": 170199470,
        "name": "",
        "name_en": "",
        "historic": true,
        "stop_id": null,
        "height": 8.5
      },
      "geometry": {
        "type": "Polygon",
        "coordinates": [
          [
            [
              126.9763911,
              37.5789384
            ],
            [
              126.9764782,
              37.5789361
            ],
            [
              126.9764805,
              37.5789915
            ],
            [
              126.9764895,
              37.5792056
            ],
            [
              126.9766572,
              37.5792012
            ],
            [
              126.9769363,
              37.5791939
            ],
            [
              126.9769360,
              37.5791863
            ],
            [
              126.9769904,
              37.5791849
            ],
            [
              126.9770483,
              37.5791834
            ],
            [
              126.9770485,
              37.5791877
            ],
            [
              126.9775189,
              37.5791754
            ],
            [
              126.9775081,
              37.5789163
            ],
            [
              126.9775979,
              37.5789140
            ],
            [
              126.9776265,
              37.5795993
            ],
            [
              126.9775401,
              37.5796016
            ],
            [
              126.9775245,
              37.5792281
            ],
            [
              126.9770512,
              37.5792405
            ],
            [
              126.9770515,
              37.5792484
            ],
            [
              126.9770118,
              37.5792494
            ],
            [
              126.9769960,
              37.5792498
            ],
            [
              126.9769763,
              37.5792503
            ],
            [
              126.9769393,
              37.5792513
            ],
            [
              126.9769391,
              37.5792467
            ],
            [
              126.9766605,
              37.5792540
            ],
            [
              126.9764952,
              37.5792584
            ],
            [
              126.9765031,
              37.5794487
            ],
            [
              126.9765081,
              37.5795694
            ],
            [
              126.9765087,
              37.5795819
            ],
            [
              126.9765098,
              37.5796087
            ],
            [
              126.9764369,
              37.5796106
            ],
            [
              126.9764192,
              37.5796111
            ],
            [
              126.9764181,
              37.5795843
            ],
            [
              126.9764124,
              37.5794495
            ],
            [
              126.9763955,
              37.5790428
            ],
            [
              126.9763934,
              37.5789942
            ],
            [
              126.9763911,
              37.5789384
            ]
          ]
        ]
      }
    },
    {
      "type": "Feature",
      "properties": {
        "osm_id": 170199477,
        "name": "강녕전",
        "name_en": "Gangnyeongjeon",
        "historic": true,
        "stop_id": "gangnyeongjeon",
        "height": 8.5
      },
      "geometry": {
        "type": "Polygon",
        "coordinates": [
          [
            [
              126.9768312,
              37.5794535
            ],
            [
              126.9772082,
              37.5794437
            ],
            [
              126.9772164,
              37.5796067
            ],
            [
              126.9768394,
              37.5796166
            ],
            [
              126.9768312,
              37.5794535
            ]
          ]
        ]
      }
    },
    {
      "type": "Feature",
      "properties": {
        "osm_id": 170199483,
        "name": "",
        "name_en": "",
        "historic": true,
        "stop_id": null,
        "height": 8.5
      },
      "geometry": {
        "type": "Polygon",
        "coordinates": [
          [
            [
              126.9777724,
              37.5802213
            ],
            [
              126.9778404,
              37.5802188
            ],
            [
              126.9778338,
              37.5800613
            ],
            [
              126.9780885,
              37.5800581
            ],
            [
              126.9783234,
              37.5800553
            ],
            [
              126.9783246,
              37.5800858
            ],
            [
              126.9783271,
              37.5802032
            ],
            [
              126.9784007,
              37.5802020
            ],
            [
              126.9783976,
              37.5800850
            ],
            [
              126.9783954,
              37.5799948
            ],
            [
              126.9780876,
              37.5799998
            ],
            [
              126.9777668,
              37.5800050
            ],
            [
              126.9777724,
              37.5802213
            ]
          ]
        ]
      }
    },
    {
      "type": "Feature",
      "properties": {
        "osm_id": 196076051,
        "name": "정부서울청사",
        "name_en": "Government Complex Seoul",
        "historic": false,
        "stop_id": null,
        "height": 64.6
      },
      "geometry": {
        "type": "Polygon",
        "coordinates": [
          [
            [
              126.9749729,
              37.5744257
            ],
            [
              126.9752692,
              37.5744337
            ],
            [
              126.9753424,
              37.5744357
            ],
            [
              126.9753023,
              37.5753662
            ],
            [
              126.9749582,
              37.5753569
            ],
            [
              126.9747780,
              37.5753520
            ],
            [
              126.9747745,
              37.5754338
            ],
            [
              126.9745398,
              37.5754274
            ],
            [
              126.9745514,
              37.5751582
            ],
            [
              126.9746971,
              37.5751622
            ],
            [
              126.9747218,
              37.5745907
            ],
            [
              126.9745677,
              37.5745865
            ],
            [
              126.9745831,
              37.5742288
            ],
            [
              126.9749809,
              37.5742396
            ],
            [
              126.9749729,
              37.5744257
            ]
          ]
        ]
      }
    },
    {
      "type": "Feature",
      "properties": {
        "osm_id": 223158449,
        "name": "노스게이트",
        "name_en": "NorthGate",
        "historic": false,
        "stop_id": null,
        "height": 47
      },
      "geometry": {
        "type": "Polygon",
        "coordinates": [
          [
            [
              126.9741272,
              37.5748979
            ],
            [
              126.9741105,
              37.5748826
            ],
            [
              126.9737762,
              37.5748700
            ],
            [
              126.9737135,
              37.5749102
            ],
            [
              126.9737148,
              37.5752212
            ],
            [
              126.9737832,
              37.5752663
            ],
            [
              126.9740806,
              37.5752703
            ],
            [
              126.9741279,
              37.5752386
            ],
            [
              126.9741272,
              37.5748979
            ]
          ]
        ]
      }
    },
    {
      "type": "Feature",
      "properties": {
        "osm_id": 224707447,
        "name": "집옥재",
        "name_en": "Jibokjae",
        "historic": false,
        "stop_id": "jibokjae",
        "height": 5.5
      },
      "geometry": {
        "type": "Polygon",
        "coordinates": [
          [
            [
              126.9757877,
              37.5834197
            ],
            [
              126.9757855,
              37.5834492
            ],
            [
              126.9758090,
              37.5834792
            ],
            [
              126.9758628,
              37.5834801
            ],
            [
              126.9758917,
              37.5834505
            ],
            [
              126.9759237,
              37.5834506
            ],
            [
              126.9759238,
              37.5835349
            ],
            [
              126.9761145,
              37.5835315
            ],
            [
              126.9761142,
              37.5835200
            ],
            [
              126.9761778,
              37.5835189
            ],
            [
              126.9761773,
              37.5835000
            ],
            [
              126.9762052,
              37.5834995
            ],
            [
              126.9762041,
              37.5834510
            ],
            [
              126.9762461,
              37.5834509
            ],
            [
              126.9762494,
              37.5835564
            ],
            [
              126.9763520,
              37.5835546
            ],
            [
              126.9763515,
              37.5835356
            ],
            [
              126.9763873,
              37.5835350
            ],
            [
              126.9763831,
              37.5833881
            ],
            [
              126.9762474,
              37.5833905
            ],
            [
              126.9761966,
              37.5833914
            ],
            [
              126.9761621,
              37.5833921
            ],
            [
              126.9761607,
              37.5833424
            ],
            [
              126.9760882,
              37.5833437
            ],
            [
              126.9760871,
              37.5833050
            ],
            [
              126.9760014,
              37.5833066
            ],
            [
              126.9760023,
              37.5833382
            ],
            [
              126.9759261,
              37.5833395
            ],
            [
              126.9759262,
              37.5833756
            ],
            [
              126.9759262,
              37.5834165
            ],
            [
              126.9758904,
              37.5834167
            ],
            [
              126.9758676,
              37.5833936
            ],
            [
              126.9758127,
              37.5833937
            ],
            [
              126.9757877,
              37.5834197
            ]
          ]
        ]
      }
    },
    {
      "type": "Feature",
      "properties": {
        "osm_id": 279958876,
        "name": "근정문",
        "name_en": "Geunjeongmun Gate",
        "historic": true,
        "stop_id": null,
        "height": 8.5
      },
      "geometry": {
        "type": "Polygon",
        "coordinates": [
          [
            [
              126.9768316,
              37.5777898
            ],
            [
              126.9768309,
              37.5777785
            ],
            [
              126.9768263,
              37.5777048
            ],
            [
              126.9768243,
              37.5776747
            ],
            [
              126.9768776,
              37.5776726
            ],
            [
              126.9769343,
              37.5776705
            ],
            [
              126.9769993,
              37.5776681
            ],
            [
              126.9770386,
              37.5776662
            ],
            [
              126.9770605,
              37.5776653
            ],
            [
              126.9770623,
              37.5776982
            ],
            [
              126.9770672,
              37.5777713
            ],
            [
              126.9770678,
              37.5777807
            ],
            [
              126.9770446,
              37.5777814
            ],
            [
              126.9770375,
              37.5777816
            ],
            [
              126.9769462,
              37.5777854
            ],
            [
              126.9768316,
              37.5777898
            ]
          ]
        ]
      }
    },
    {
      "type": "Feature",
      "properties": {
        "osm_id": 279961004,
        "name": "장안당",
        "name_en": "Jangandang",
        "historic": false,
        "stop_id": null,
        "height": 5.5
      },
      "geometry": {
        "type": "Polygon",
        "coordinates": [
          [
            [
              126.9768211,
              37.5831491
            ],
            [
              126.9768303,
              37.5829950
            ],
            [
              126.9768325,
              37.5829578
            ],
            [
              126.9769367,
              37.5829617
            ],
            [
              126.9769345,
              37.5829984
            ],
            [
              126.9771071,
              37.5830049
            ],
            [
              126.9771018,
              37.5830939
            ],
            [
              126.9769171,
              37.5830870
            ],
            [
              126.9769132,
              37.5831526
            ],
            [
              126.9768293,
              37.5831494
            ],
            [
              126.9768211,
              37.5831491
            ]
          ]
        ]
      }
    },
    {
      "type": "Feature",
      "properties": {
        "osm_id": 279961005,
        "name": "곤녕합",
        "name_en": "Gonnyeonghap",
        "historic": false,
        "stop_id": null,
        "height": 5.5
      },
      "geometry": {
        "type": "Polygon",
        "coordinates": [
          [
            [
              126.9772324,
              37.5832665
            ],
            [
              126.9773338,
              37.5832703
            ],
            [
              126.9773388,
              37.5831869
            ],
            [
              126.9773406,
              37.5831557
            ],
            [
              126.9772777,
              37.5831533
            ],
            [
              126.9772029,
              37.5831505
            ],
            [
              126.9772069,
              37.5830840
            ],
            [
              126.9771136,
              37.5830805
            ],
            [
              126.9771077,
              37.5831794
            ],
            [
              126.9771050,
              37.5832248
            ],
            [
              126.9771183,
              37.5832253
            ],
            [
              126.9772346,
              37.5832297
            ],
            [
              126.9772324,
              37.5832665
            ]
          ]
        ]
      }
    },
    {
      "type": "Feature",
      "properties": {
        "osm_id": 279961007,
        "name": "복수당",
        "name_en": "Boksudang",
        "historic": false,
        "stop_id": null,
        "height": 5.5
      },
      "geometry": {
        "type": "Polygon",
        "coordinates": [
          [
            [
              126.9770978,
              37.5834911
            ],
            [
              126.9771711,
              37.5834939
            ],
            [
              126.9771739,
              37.5834456
            ],
            [
              126.9771977,
              37.5834465
            ],
            [
              126.9773555,
              37.5834524
            ],
            [
              126.9773594,
              37.5833877
            ],
            [
              126.9772017,
              37.5833818
            ],
            [
              126.9771854,
              37.5833812
            ],
            [
              126.9771917,
              37.5832758
            ],
            [
              126.9771150,
              37.5832729
            ],
            [
              126.9771108,
              37.5832727
            ],
            [
              126.9771021,
              37.5834189
            ],
            [
              126.9770978,
              37.5834911
            ]
          ]
        ]
      }
    },
    {
      "type": "Feature",
      "properties": {
        "osm_id": 279961008,
        "name": "함화당",
        "name_en": "Hamhwadang",
        "historic": false,
        "stop_id": null,
        "height": 5.5
      },
      "geometry": {
        "type": "Polygon",
        "coordinates": [
          [
            [
              126.9764718,
              37.5815722
            ],
            [
              126.9765577,
              37.5815720
            ],
            [
              126.9765577,
              37.5815831
            ],
            [
              126.9767062,
              37.5815826
            ],
            [
              126.9767430,
              37.5815825
            ],
            [
              126.9767435,
              37.5816751
            ],
            [
              126.9766160,
              37.5816755
            ],
            [
              126.9766159,
              37.5816546
            ],
            [
              126.9764722,
              37.5816550
            ],
            [
              126.9764718,
              37.5815722
            ]
          ]
        ]
      }
    },
    {
      "type": "Feature",
      "properties": {
        "osm_id": 279961009,
        "name": "집경당",
        "name_en": "Jipgyeongdang",
        "historic": false,
        "stop_id": null,
        "height": 5.5
      },
      "geometry": {
        "type": "Polygon",
        "coordinates": [
          [
            [
              126.9767637,
              37.5816703
            ],
            [
              126.9767628,
              37.5815069
            ],
            [
              126.9768676,
              37.5815065
            ],
            [
              126.9768677,
              37.5815314
            ],
            [
              126.9770947,
              37.5815307
            ],
            [
              126.9770952,
              37.5816283
            ],
            [
              126.9768640,
              37.5816291
            ],
            [
              126.9768642,
              37.5816699
            ],
            [
              126.9767637,
              37.5816703
            ]
          ]
        ]
      }
    },
    {
      "type": "Feature",
      "properties": {
        "osm_id": 279961010,
        "name": "",
        "name_en": "",
        "historic": true,
        "stop_id": null,
        "height": 8.5
      },
      "geometry": {
        "type": "Polygon",
        "coordinates": [
          [
            [
              126.9762679,
              37.5774766
            ],
            [
              126.9763781,
              37.5774739
            ],
            [
              126.9763743,
              37.5773218
            ],
            [
              126.9763675,
              37.5772810
            ],
            [
              126.9763534,
              37.5770238
            ],
            [
              126.9767842,
              37.5770089
            ],
            [
              126.9767792,
              37.5769127
            ],
            [
              126.9765481,
              37.5769206
            ],
            [
              126.9762505,
              37.5769309
            ],
            [
              126.9762380,
              37.5769313
            ],
            [
              126.9762550,
              37.5772422
            ],
            [
              126.9762606,
              37.5773438
            ],
            [
              126.9762679,
              37.5774766
            ]
          ]
        ]
      }
    },
    {
      "type": "Feature",
      "properties": {
        "osm_id": 279961011,
        "name": "",
        "name_en": "",
        "historic": true,
        "stop_id": null,
        "height": 2
      },
      "geometry": {
        "type": "Polygon",
        "coordinates": [
          [
            [
              126.9767843,
              37.5770208
            ],
            [
              126.9767842,
              37.5770089
            ],
            [
              126.9767792,
              37.5769127
            ],
            [
              126.9767782,
              37.5768934
            ],
            [
              126.9768400,
              37.5768914
            ],
            [
              126.9768572,
              37.5768909
            ],
            [
              126.9768998,
              37.5768896
            ],
            [
              126.9769392,
              37.5768886
            ],
            [
              126.9769495,
              37.5768887
            ],
            [
              126.9770232,
              37.5768855
            ],
            [
              126.9770239,
              37.5768990
            ],
            [
              126.9770293,
              37.5770038
            ],
            [
              126.9770298,
              37.5770125
            ],
            [
              126.9769689,
              37.5770145
            ],
            [
              126.9769458,
              37.5770149
            ],
            [
              126.9769076,
              37.5770162
            ],
            [
              126.9768653,
              37.5770176
            ],
            [
              126.9768445,
              37.5770187
            ],
            [
              126.9767843,
              37.5770208
            ]
          ]
        ]
      }
    },
    {
      "type": "Feature",
      "properties": {
        "osm_id": 279961012,
        "name": "",
        "name_en": "",
        "historic": true,
        "stop_id": null,
        "height": 8.5
      },
      "geometry": {
        "type": "Polygon",
        "coordinates": [
          [
            [
              126.9770293,
              37.5770038
            ],
            [
              126.9770239,
              37.5768990
            ],
            [
              126.9775434,
              37.5768814
            ],
            [
              126.9775783,
              37.5768803
            ],
            [
              126.9775961,
              37.5772287
            ],
            [
              126.9775997,
              37.5772984
            ],
            [
              126.9776021,
              37.5773824
            ],
            [
              126.9776107,
              37.5776756
            ],
            [
              126.9774939,
              37.5776797
            ],
            [
              126.9774770,
              37.5772750
            ],
            [
              126.9774741,
              37.5772357
            ],
            [
              126.9774603,
              37.5769859
            ],
            [
              126.9770293,
              37.5770038
            ]
          ]
        ]
      }
    },
    {
      "type": "Feature",
      "properties": {
        "osm_id": 279961013,
        "name": "유화문",
        "name_en": "Yuhwamun Gate",
        "historic": true,
        "stop_id": null,
        "height": 8.5
      },
      "geometry": {
        "type": "Polygon",
        "coordinates": [
          [
            [
              126.9762556,
              37.5776520
            ],
            [
              126.9762721,
              37.5776516
            ],
            [
              126.9763925,
              37.5776490
            ],
            [
              126.9764035,
              37.5776484
            ],
            [
              126.9764010,
              37.5776017
            ],
            [
              126.9763976,
              37.5774941
            ],
            [
              126.9763979,
              37.5774739
            ],
            [
              126.9763781,
              37.5774739
            ],
            [
              126.9762679,
              37.5774766
            ],
            [
              126.9762487,
              37.5774771
            ],
            [
              126.9762556,
              37.5776520
            ]
          ]
        ]
      }
    },
    {
      "type": "Feature",
      "properties": {
        "osm_id": 279961014,
        "name": "",
        "name_en": "",
        "historic": true,
        "stop_id": null,
        "height": 8.5
      },
      "geometry": {
        "type": "Polygon",
        "coordinates": [
          [
            [
              126.9762747,
              37.5777252
            ],
            [
              126.9763955,
              37.5777199
            ],
            [
              126.9763925,
              37.5776490
            ],
            [
              126.9762721,
              37.5776516
            ],
            [
              126.9762747,
              37.5777252
            ]
          ]
        ]
      }
    },
    {
      "type": "Feature",
      "properties": {
        "osm_id": 279961015,
        "name": "",
        "name_en": "",
        "historic": true,
        "stop_id": null,
        "height": 8.5
      },
      "geometry": {
        "type": "Polygon",
        "coordinates": [
          [
            [
              126.9763285,
              37.5789408
            ],
            [
              126.9763911,
              37.5789384
            ],
            [
              126.9764782,
              37.5789361
            ],
            [
              126.9765042,
              37.5789349
            ],
            [
              126.9766019,
              37.5789315
            ],
            [
              126.9766996,
              37.5789282
            ],
            [
              126.9767973,
              37.5789249
            ],
            [
              126.9768951,
              37.5789215
            ],
            [
              126.9769397,
              37.5789200
            ],
            [
              126.9769399,
              37.5789236
            ],
            [
              126.9770022,
              37.5789215
            ],
            [
              126.9770648,
              37.5789195
            ],
            [
              126.9770647,
              37.5789176
            ],
            [
              126.9776503,
              37.5788977
            ],
            [
              126.9776467,
              37.5788319
            ],
            [
              126.9776414,
              37.5787330
            ],
            [
              126.9776291,
              37.5785067
            ],
            [
              126.9776111,
              37.5781742
            ],
            [
              126.9777074,
              37.5781709
            ],
            [
              126.9777055,
              37.5781355
            ],
            [
              126.9777033,
              37.5780944
            ],
            [
              126.9776327,
              37.5780944
            ],
            [
              126.9776318,
              37.5779827
            ],
            [
              126.9776107,
              37.5776756
            ],
            [
              126.9774939,
              37.5776797
            ],
            [
              126.9770623,
              37.5776982
            ],
            [
              126.9770672,
              37.5777713
            ],
            [
              126.9771322,
              37.5777690
            ],
            [
              126.9774802,
              37.5777580
            ],
            [
              126.9774974,
              37.5780978
            ],
            [
              126.9774988,
              37.5781399
            ],
            [
              126.9775015,
              37.5781769
            ],
            [
              126.9775161,
              37.5784656
            ],
            [
              126.9775183,
              37.5785095
            ],
            [
              126.9775208,
              37.5785582
            ],
            [
              126.9775298,
              37.5787355
            ],
            [
              126.9775339,
              37.5788163
            ],
            [
              126.9770602,
              37.5788314
            ],
            [
              126.9770601,
              37.5788288
            ],
            [
              126.9769981,
              37.5788309
            ],
            [
              126.9769352,
              37.5788329
            ],
            [
              126.9769355,
              37.5788401
            ],
            [
              126.9764662,
              37.5788550
            ],
            [
              126.9764553,
              37.5786806
            ],
            [
              126.9764512,
              37.5785604
            ],
            [
              126.9764443,
              37.5785606
            ],
            [
              126.9764022,
              37.5777979
            ],
            [
              126.9768309,
              37.5777785
            ],
            [
              126.9768263,
              37.5777048
            ],
            [
              126.9763955,
              37.5777199
            ],
            [
              126.9762747,
              37.5777252
            ],
            [
              126.9762941,
              37.5781094
            ],
            [
              126.9762971,
              37.5781585
            ],
            [
              126.9762348,
              37.5781599
            ],
            [
              126.9762379,
              37.5782528
            ],
            [
              126.9763002,
              37.5782519
            ],
            [
              126.9763056,
              37.5783563
            ],
            [
              126.9763168,
              37.5785647
            ],
            [
              126.9763082,
              37.5785650
            ],
            [
              126.9763136,
              37.5786470
            ],
            [
              126.9763162,
              37.5786851
            ],
            [
              126.9763285,
              37.5789408
            ]
          ]
        ]
      }
    },
    {
      "type": "Feature",
      "properties": {
        "osm_id": 279961704,
        "name": "교태전",
        "name_en": "Gyotaejeon",
        "historic": true,
        "stop_id": "gyotaejeon",
        "height": 8.5
      },
      "geometry": {
        "type": "Polygon",
        "coordinates": [
          [
            [
              126.9769034,
              37.5799957
            ],
            [
              126.9769013,
              37.5799459
            ],
            [
              126.9768985,
              37.5798790
            ],
            [
              126.9768970,
              37.5798440
            ],
            [
              126.9772128,
              37.5798357
            ],
            [
              126.9772142,
              37.5798682
            ],
            [
              126.9772170,
              37.5799348
            ],
            [
              126.9772192,
              37.5799874
            ],
            [
              126.9771231,
              37.5799899
            ],
            [
              126.9769034,
              37.5799957
            ]
          ]
        ]
      }
    },
    {
      "type": "Feature",
      "properties": {
        "osm_id": 279961705,
        "name": "",
        "name_en": "",
        "historic": true,
        "stop_id": null,
        "height": 8.5
      },
      "geometry": {
        "type": "Polygon",
        "coordinates": [
          [
            [
              126.9773205,
              37.5800964
            ],
            [
              126.9771278,
              37.5801015
            ],
            [
              126.9771231,
              37.5799899
            ],
            [
              126.9772192,
              37.5799874
            ],
            [
              126.9772204,
              37.5800166
            ],
            [
              126.9773178,
              37.5800152
            ],
            [
              126.9773183,
              37.5800303
            ],
            [
              126.9773205,
              37.5800964
            ]
          ]
        ]
      }
    },
    {
      "type": "Feature",
      "properties": {
        "osm_id": 279961706,
        "name": "",
        "name_en": "",
        "historic": true,
        "stop_id": null,
        "height": 8.5
      },
      "geometry": {
        "type": "Polygon",
        "coordinates": [
          [
            [
              126.9772170,
              37.5799348
            ],
            [
              126.9773836,
              37.5799304
            ],
            [
              126.9773883,
              37.5799303
            ],
            [
              126.9773814,
              37.5797695
            ],
            [
              126.9773762,
              37.5796388
            ],
            [
              126.9770867,
              37.5796464
            ],
            [
              126.9770865,
              37.5796425
            ],
            [
              126.9770291,
              37.5796440
            ],
            [
              126.9769695,
              37.5796456
            ],
            [
              126.9769697,
              37.5796516
            ],
            [
              126.9767271,
              37.5796580
            ],
            [
              126.9767299,
              37.5797273
            ],
            [
              126.9767327,
              37.5797945
            ],
            [
              126.9767419,
              37.5800141
            ],
            [
              126.9767884,
              37.5800129
            ],
            [
              126.9768279,
              37.5800118
            ],
            [
              126.9768253,
              37.5799478
            ],
            [
              126.9769013,
              37.5799459
            ],
            [
              126.9768985,
              37.5798790
            ],
            [
              126.9768907,
              37.5798792
            ],
            [
              126.9768208,
              37.5798811
            ],
            [
              126.9768171,
              37.5797930
            ],
            [
              126.9768137,
              37.5797115
            ],
            [
              126.9769721,
              37.5797073
            ],
            [
              126.9769723,
              37.5797125
            ],
            [
              126.9770185,
              37.5797113
            ],
            [
              126.9770333,
              37.5797109
            ],
            [
              126.9770496,
              37.5797105
            ],
            [
              126.9770893,
              37.5797095
            ],
            [
              126.9770890,
              37.5797025
            ],
            [
              126.9772945,
              37.5796972
            ],
            [
              126.9772971,
              37.5797713
            ],
            [
              126.9772989,
              37.5798050
            ],
            [
              126.9773014,
              37.5798660
            ],
            [
              126.9772221,
              37.5798680
            ],
            [
              126.9772142,
              37.5798682
            ],
            [
              126.9772170,
              37.5799348
            ]
          ]
        ]
      }
    },
    {
      "type": "Feature",
      "properties": {
        "osm_id": 279963612,
        "name": "태원전",
        "name_en": "Taewonjeon",
        "historic": false,
        "stop_id": null,
        "height": 5.5
      },
      "geometry": {
        "type": "Polygon",
        "coordinates": [
          [
            [
              126.9740071,
              37.5826174
            ],
            [
              126.9740571,
              37.5824825
            ],
            [
              126.9741351,
              37.5825008
            ],
            [
              126.9741802,
              37.5825113
            ],
            [
              126.9742253,
              37.5825219
            ],
            [
              126.9743035,
              37.5825402
            ],
            [
              126.9742940,
              37.5825654
            ],
            [
              126.9742747,
              37.5826161
            ],
            [
              126.9742588,
              37.5826591
            ],
            [
              126.9742532,
              37.5826750
            ],
            [
              126.9740071,
              37.5826174
            ]
          ]
        ]
      }
    },
    {
      "type": "Feature",
      "properties": {
        "osm_id": 279963613,
        "name": "영사재",
        "name_en": "Yeongsajae",
        "historic": false,
        "stop_id": null,
        "height": 5.5
      },
      "geometry": {
        "type": "Polygon",
        "coordinates": [
          [
            [
              126.9742983,
              37.5826918
            ],
            [
              126.9744435,
              37.5827257
            ],
            [
              126.9744727,
              37.5826472
            ],
            [
              126.9744613,
              37.5826445
            ],
            [
              126.9743966,
              37.5826294
            ],
            [
              126.9743275,
              37.5826132
            ],
            [
              126.9743217,
              37.5826271
            ],
            [
              126.9742983,
              37.5826918
            ]
          ]
        ]
      }
    },
    {
      "type": "Feature",
      "properties": {
        "osm_id": 279963615,
        "name": "",
        "name_en": "",
        "historic": false,
        "stop_id": null,
        "height": 5.5
      },
      "geometry": {
        "type": "Polygon",
        "coordinates": [
          [
            [
              126.9738090,
              37.5825266
            ],
            [
              126.9739122,
              37.5825507
            ],
            [
              126.9740024,
              37.5823086
            ],
            [
              126.9741804,
              37.5823502
            ],
            [
              126.9742017,
              37.5822930
            ],
            [
              126.9740792,
              37.5822644
            ],
            [
              126.9740824,
              37.5822557
            ],
            [
              126.9740865,
              37.5822449
            ],
            [
              126.9740934,
              37.5822262
            ],
            [
              126.9741521,
              37.5820679
            ],
            [
              126.9741540,
              37.5820628
            ],
            [
              126.9741570,
              37.5820564
            ],
            [
              126.9740234,
              37.5820225
            ],
            [
              126.9740047,
              37.5820178
            ],
            [
              126.9739869,
              37.5820133
            ],
            [
              126.9738850,
              37.5819874
            ],
            [
              126.9738805,
              37.5819977
            ],
            [
              126.9738437,
              37.5821026
            ],
            [
              126.9738991,
              37.5821156
            ],
            [
              126.9739201,
              37.5820592
            ],
            [
              126.9739670,
              37.5820701
            ],
            [
              126.9739818,
              37.5820736
            ],
            [
              126.9740039,
              37.5820788
            ],
            [
              126.9740635,
              37.5820927
            ],
            [
              126.9740181,
              37.5822144
            ],
            [
              126.9740135,
              37.5822269
            ],
            [
              126.9740044,
              37.5822512
            ],
            [
              126.9739151,
              37.5822303
            ],
            [
              126.9738654,
              37.5822186
            ],
            [
              126.9738634,
              37.5822240
            ],
            [
              126.9738463,
              37.5822700
            ],
            [
              126.9738935,
              37.5822810
            ],
            [
              126.9739350,
              37.5822908
            ],
            [
              126.9738683,
              37.5824699
            ],
            [
              126.9738332,
              37.5824617
            ],
            [
              126.9738222,
              37.5824913
            ],
            [
              126.9738090,
              37.5825266
            ]
          ]
        ]
      }
    },
    {
      "type": "Feature",
      "properties": {
        "osm_id": 279963616,
        "name": "경안문",
        "name_en": "Gyeonganmun Gate",
        "historic": false,
        "stop_id": null,
        "height": 5.5
      },
      "geometry": {
        "type": "Polygon",
        "coordinates": [
          [
            [
              126.9741758,
              37.5823627
            ],
            [
              126.9741804,
              37.5823502
            ],
            [
              126.9742017,
              37.5822930
            ],
            [
              126.9742046,
              37.5822854
            ],
            [
              126.9742643,
              37.5822991
            ],
            [
              126.9743349,
              37.5823159
            ],
            [
              126.9743315,
              37.5823249
            ],
            [
              126.9743113,
              37.5823791
            ],
            [
              126.9743061,
              37.5823932
            ],
            [
              126.9742758,
              37.5823861
            ],
            [
              126.9742308,
              37.5823756
            ],
            [
              126.9741857,
              37.5823650
            ],
            [
              126.9741758,
              37.5823627
            ]
          ]
        ]
      }
    },
    {
      "type": "Feature",
      "properties": {
        "osm_id": 279963617,
        "name": "",
        "name_en": "",
        "historic": false,
        "stop_id": null,
        "height": 5.5
      },
      "geometry": {
        "type": "Polygon",
        "coordinates": [
          [
            [
              126.9741351,
              37.5825008
            ],
            [
              126.9741802,
              37.5825113
            ],
            [
              126.9742253,
              37.5825219
            ],
            [
              126.9742758,
              37.5823861
            ],
            [
              126.9742308,
              37.5823756
            ],
            [
              126.9741857,
              37.5823650
            ],
            [
              126.9741351,
              37.5825008
            ]
          ]
        ]
      }
    },
    {
      "type": "Feature",
      "properties": {
        "osm_id": 279963618,
        "name": "",
        "name_en": "",
        "historic": false,
        "stop_id": null,
        "height": 5.5
      },
      "geometry": {
        "type": "Polygon",
        "coordinates": [
          [
            [
              126.9743113,
              37.5823791
            ],
            [
              126.9743315,
              37.5823249
            ],
            [
              126.9743594,
              37.5823314
            ],
            [
              126.9743829,
              37.5823369
            ],
            [
              126.9743872,
              37.5823254
            ],
            [
              126.9744130,
              37.5822560
            ],
            [
              126.9745687,
              37.5822924
            ],
            [
              126.9745423,
              37.5823634
            ],
            [
              126.9744413,
              37.5823398
            ],
            [
              126.9744352,
              37.5823560
            ],
            [
              126.9744956,
              37.5823701
            ],
            [
              126.9745651,
              37.5823864
            ],
            [
              126.9745594,
              37.5824016
            ],
            [
              126.9745890,
              37.5824085
            ],
            [
              126.9746250,
              37.5824169
            ],
            [
              126.9746043,
              37.5824725
            ],
            [
              126.9745680,
              37.5824640
            ],
            [
              126.9745316,
              37.5824555
            ],
            [
              126.9744800,
              37.5825942
            ],
            [
              126.9744705,
              37.5826197
            ],
            [
              126.9744613,
              37.5826445
            ],
            [
              126.9743966,
              37.5826294
            ],
            [
              126.9744069,
              37.5826017
            ],
            [
              126.9744108,
              37.5825912
            ],
            [
              126.9744162,
              37.5825768
            ],
            [
              126.9744754,
              37.5824174
            ],
            [
              126.9743113,
              37.5823791
            ]
          ]
        ]
      }
    },
    {
      "type": "Feature",
      "properties": {
        "osm_id": 279963621,
        "name": "",
        "name_en": "",
        "historic": false,
        "stop_id": null,
        "height": 5.5
      },
      "geometry": {
        "type": "Polygon",
        "coordinates": [
          [
            [
              126.9748440,
              37.5833438
            ],
            [
              126.9748623,
              37.5832713
            ],
            [
              126.9749762,
              37.5832874
            ],
            [
              126.9749863,
              37.5832326
            ],
            [
              126.9750819,
              37.5832488
            ],
            [
              126.9750615,
              37.5833246
            ],
            [
              126.9749718,
              37.5833077
            ],
            [
              126.9749595,
              37.5833587
            ],
            [
              126.9748440,
              37.5833438
            ]
          ]
        ]
      }
    },
    {
      "type": "Feature",
      "properties": {
        "osm_id": 279963625,
        "name": "신무문",
        "name_en": "Sinmumun Gate",
        "historic": false,
        "stop_id": null,
        "height": 5.5
      },
      "geometry": {
        "type": "Polygon",
        "coordinates": [
          [
            [
              126.9754198,
              37.5835673
            ],
            [
              126.9754324,
              37.5835229
            ],
            [
              126.9754452,
              37.5834787
            ],
            [
              126.9755328,
              37.5834946
            ],
            [
              126.9756204,
              37.5835105
            ],
            [
              126.9756085,
              37.5835518
            ],
            [
              126.9755952,
              37.5835985
            ],
            [
              126.9755068,
              37.5835828
            ],
            [
              126.9754198,
              37.5835673
            ]
          ]
        ]
      }
    },
    {
      "type": "Feature",
      "properties": {
        "osm_id": 279970701,
        "name": "",
        "name_en": "",
        "historic": false,
        "stop_id": null,
        "height": 5.5
      },
      "geometry": {
        "type": "Polygon",
        "coordinates": [
          [
            [
              126.9767811,
              37.5835386
            ],
            [
              126.9770740,
              37.5835495
            ],
            [
              126.9770754,
              37.5835261
            ],
            [
              126.9770771,
              37.5834986
            ],
            [
              126.9767841,
              37.5834877
            ],
            [
              126.9767811,
              37.5835386
            ]
          ]
        ]
      }
    },
    {
      "type": "Feature",
      "properties": {
        "osm_id": 279970702,
        "name": "",
        "name_en": "",
        "historic": false,
        "stop_id": null,
        "height": 5.5
      },
      "geometry": {
        "type": "Polygon",
        "coordinates": [
          [
            [
              126.9774657,
              37.5829643
            ],
            [
              126.9774724,
              37.5828518
            ],
            [
              126.9774504,
              37.5828510
            ],
            [
              126.9773232,
              37.5828462
            ],
            [
              126.9772677,
              37.5828441
            ],
            [
              126.9771225,
              37.5828387
            ],
            [
              126.9771214,
              37.5828576
            ],
            [
              126.9771197,
              37.5828854
            ],
            [
              126.9771920,
              37.5828881
            ],
            [
              126.9772642,
              37.5828909
            ],
            [
              126.9773198,
              37.5828929
            ],
            [
              126.9774071,
              37.5828962
            ],
            [
              126.9774032,
              37.5829615
            ],
            [
              126.9774003,
              37.5830107
            ],
            [
              126.9773319,
              37.5830081
            ],
            [
              126.9772758,
              37.5830060
            ],
            [
              126.9772260,
              37.5830041
            ],
            [
              126.9772297,
              37.5829431
            ],
            [
              126.9771907,
              37.5829417
            ],
            [
              126.9771541,
              37.5829403
            ],
            [
              126.9771470,
              37.5830595
            ],
            [
              126.9772707,
              37.5830641
            ],
            [
              126.9773285,
              37.5830663
            ],
            [
              126.9773872,
              37.5830685
            ],
            [
              126.9773800,
              37.5831869
            ],
            [
              126.9773719,
              37.5833250
            ],
            [
              126.9772159,
              37.5833192
            ],
            [
              126.9772130,
              37.5833686
            ],
            [
              126.9774074,
              37.5833759
            ],
            [
              126.9774411,
              37.5833771
            ],
            [
              126.9774513,
              37.5831901
            ],
            [
              126.9774657,
              37.5829643
            ]
          ]
        ]
      }
    },
    {
      "type": "Feature",
      "properties": {
        "osm_id": 279970703,
        "name": "",
        "name_en": "",
        "historic": false,
        "stop_id": null,
        "height": 5.5
      },
      "geometry": {
        "type": "Polygon",
        "coordinates": [
          [
            [
              126.9769694,
              37.5817274
            ],
            [
              126.9769693,
              37.5817019
            ],
            [
              126.9769691,
              37.5816693
            ],
            [
              126.9770611,
              37.5816690
            ],
            [
              126.9770609,
              37.5816400
            ],
            [
              126.9771172,
              37.5816399
            ],
            [
              126.9771402,
              37.5816398
            ],
            [
              126.9771407,
              37.5817268
            ],
            [
              126.9769694,
              37.5817274
            ]
          ]
        ]
      }
    },
    {
      "type": "Feature",
      "properties": {
        "osm_id": 301276763,
        "name": "수문장청",
        "name_en": "Sumunjangcheong",
        "historic": false,
        "stop_id": null,
        "height": 5.5
      },
      "geometry": {
        "type": "Polygon",
        "coordinates": [
          [
            [
              126.9765273,
              37.5761840
            ],
            [
              126.9765177,
              37.5760340
            ],
            [
              126.9764434,
              37.5760359
            ],
            [
              126.9764513,
              37.5761865
            ],
            [
              126.9765273,
              37.5761840
            ]
          ]
        ]
      }
    },
    {
      "type": "Feature",
      "properties": {
        "osm_id": 301276764,
        "name": "",
        "name_en": "",
        "historic": false,
        "stop_id": null,
        "height": 5.5
      },
      "geometry": {
        "type": "Polygon",
        "coordinates": [
          [
            [
              126.9774929,
              37.5760627
            ],
            [
              126.9774933,
              37.5760972
            ],
            [
              126.9775434,
              37.5760968
            ],
            [
              126.9775430,
              37.5760624
            ],
            [
              126.9774929,
              37.5760627
            ]
          ]
        ]
      }
    },
    {
      "type": "Feature",
      "properties": {
        "osm_id": 301276765,
        "name": "협생문",
        "name_en": "Hyupsaengmun Gate",
        "historic": false,
        "stop_id": null,
        "height": 5
      },
      "geometry": {
        "type": "Polygon",
        "coordinates": [
          [
            [
              126.9775565,
              37.5764685
            ],
            [
              126.9775182,
              37.5764692
            ],
            [
              126.9774812,
              37.5764699
            ],
            [
              126.9774820,
              37.5764971
            ],
            [
              126.9774830,
              37.5765280
            ],
            [
              126.9775195,
              37.5765273
            ],
            [
              126.9775582,
              37.5765266
            ],
            [
              126.9775573,
              37.5764972
            ],
            [
              126.9775565,
              37.5764685
            ]
          ]
        ]
      }
    },
    {
      "type": "Feature",
      "properties": {
        "osm_id": 301276767,
        "name": "",
        "name_en": "",
        "historic": false,
        "stop_id": null,
        "height": 5.5
      },
      "geometry": {
        "type": "Polygon",
        "coordinates": [
          [
            [
              126.9781530,
              37.5759595
            ],
            [
              126.9781559,
              37.5761874
            ],
            [
              126.9783029,
              37.5761857
            ],
            [
              126.9782926,
              37.5759634
            ],
            [
              126.9781530,
              37.5759595
            ]
          ]
        ]
      }
    },
    {
      "type": "Feature",
      "properties": {
        "osm_id": 301276768,
        "name": "초관처소",
        "name_en": "Chogwanchoso",
        "historic": false,
        "stop_id": null,
        "height": 5.5
      },
      "geometry": {
        "type": "Polygon",
        "coordinates": [
          [
            [
              126.9776012,
              37.5760000
            ],
            [
              126.9777581,
              37.5760020
            ],
            [
              126.9777595,
              37.5759648
            ],
            [
              126.9776027,
              37.5759640
            ],
            [
              126.9776012,
              37.5760000
            ]
          ]
        ]
      }
    },
    {
      "type": "Feature",
      "properties": {
        "osm_id": 301276771,
        "name": "기념품점",
        "name_en": "Gyeongbokgung Souvenir shop",
        "historic": false,
        "stop_id": null,
        "height": 5.5
      },
      "geometry": {
        "type": "Polygon",
        "coordinates": [
          [
            [
              126.9756621,
              37.5786569
            ],
            [
              126.9757852,
              37.5786548
            ],
            [
              126.9757797,
              37.5784445
            ],
            [
              126.9756566,
              37.5784465
            ],
            [
              126.9756621,
              37.5786569
            ]
          ]
        ]
      }
    },
    {
      "type": "Feature",
      "properties": {
        "osm_id": 301276777,
        "name": "용성문",
        "name_en": "Yongseongmun Gate",
        "historic": false,
        "stop_id": null,
        "height": 5.5
      },
      "geometry": {
        "type": "Polygon",
        "coordinates": [
          [
            [
              126.9762676,
              37.5764576
            ],
            [
              126.9762264,
              37.5764598
            ],
            [
              126.9761582,
              37.5764632
            ],
            [
              126.9761627,
              37.5765338
            ],
            [
              126.9761672,
              37.5766040
            ],
            [
              126.9762349,
              37.5766011
            ],
            [
              126.9762773,
              37.5765992
            ],
            [
              126.9762724,
              37.5765282
            ],
            [
              126.9762676,
              37.5764576
            ]
          ]
        ]
      }
    },
    {
      "type": "Feature",
      "properties": {
        "osm_id": 301276778,
        "name": "",
        "name_en": "",
        "historic": false,
        "stop_id": null,
        "height": 5.5
      },
      "geometry": {
        "type": "Polygon",
        "coordinates": [
          [
            [
              126.9750355,
              37.5785838
            ],
            [
              126.9751911,
              37.5785802
            ],
            [
              126.9751897,
              37.5785398
            ],
            [
              126.9752685,
              37.5785380
            ],
            [
              126.9752663,
              37.5784747
            ],
            [
              126.9750317,
              37.5784800
            ],
            [
              126.9750355,
              37.5785838
            ]
          ]
        ]
      }
    },
    {
      "type": "Feature",
      "properties": {
        "osm_id": 301276779,
        "name": "",
        "name_en": "",
        "historic": false,
        "stop_id": null,
        "height": 5.5
      },
      "geometry": {
        "type": "Polygon",
        "coordinates": [
          [
            [
              126.9779539,
              37.5759599
            ],
            [
              126.9779560,
              37.5761160
            ],
            [
              126.9780888,
              37.5761148
            ],
            [
              126.9780867,
              37.5759588
            ],
            [
              126.9779539,
              37.5759599
            ]
          ]
        ]
      }
    },
    {
      "type": "Feature",
      "properties": {
        "osm_id": 301276781,
        "name": "수문장청",
        "name_en": "Sumunjangcheong",
        "historic": false,
        "stop_id": null,
        "height": 5.5
      },
      "geometry": {
        "type": "Polygon",
        "coordinates": [
          [
            [
              126.9772104,
              37.5760925
            ],
            [
              126.9772063,
              37.5760087
            ],
            [
              126.9771304,
              37.5760113
            ],
            [
              126.9771345,
              37.5760949
            ],
            [
              126.9772104,
              37.5760925
            ]
          ]
        ]
      }
    },
    {
      "type": "Feature",
      "properties": {
        "osm_id": 301279810,
        "name": "경호실",
        "name_en": "",
        "historic": false,
        "stop_id": null,
        "height": 5.5
      },
      "geometry": {
        "type": "Polygon",
        "coordinates": [
          [
            [
              126.9745348,
              37.5842179
            ],
            [
              126.9749666,
              37.5842913
            ],
            [
              126.9750323,
              37.5840488
            ],
            [
              126.9750938,
              37.5840592
            ],
            [
              126.9751172,
              37.5839727
            ],
            [
              126.9746520,
              37.5838937
            ],
            [
              126.9746315,
              37.5839693
            ],
            [
              126.9746033,
              37.5839645
            ],
            [
              126.9745348,
              37.5842179
            ]
          ]
        ]
      }
    },
    {
      "type": "Feature",
      "properties": {
        "osm_id": 370282527,
        "name": "오촌댁",
        "name_en": "Ochondaek",
        "historic": false,
        "stop_id": null,
        "height": 5.5
      },
      "geometry": {
        "type": "Polygon",
        "coordinates": [
          [
            [
              126.9789748,
              37.5807071
            ],
            [
              126.9791327,
              37.5807058
            ],
            [
              126.9791310,
              37.5805806
            ],
            [
              126.9789731,
              37.5805819
            ],
            [
              126.9789748,
              37.5807071
            ]
          ]
        ]
      }
    },
    {
      "type": "Feature",
      "properties": {
        "osm_id": 370282534,
        "name": "",
        "name_en": "",
        "historic": false,
        "stop_id": null,
        "height": 5.5
      },
      "geometry": {
        "type": "Polygon",
        "coordinates": [
          [
            [
              126.9788893,
              37.5823205
            ],
            [
              126.9790497,
              37.5823052
            ],
            [
              126.9790361,
              37.5822156
            ],
            [
              126.9788757,
              37.5822309
            ],
            [
              126.9788818,
              37.5822713
            ],
            [
              126.9788095,
              37.5822782
            ],
            [
              126.9788170,
              37.5823274
            ],
            [
              126.9788893,
              37.5823205
            ]
          ]
        ]
      }
    },
    {
      "type": "Feature",
      "properties": {
        "osm_id": 381956863,
        "name": "사정문",
        "name_en": "Sajeongmun Gate",
        "historic": true,
        "stop_id": null,
        "height": 8.5
      },
      "geometry": {
        "type": "Polygon",
        "coordinates": [
          [
            [
              126.9770602,
              37.5788314
            ],
            [
              126.9770601,
              37.5788288
            ],
            [
              126.9769981,
              37.5788309
            ],
            [
              126.9769352,
              37.5788329
            ],
            [
              126.9769355,
              37.5788401
            ],
            [
              126.9769397,
              37.5789200
            ],
            [
              126.9769399,
              37.5789236
            ],
            [
              126.9770022,
              37.5789215
            ],
            [
              126.9770648,
              37.5789195
            ],
            [
              126.9770647,
              37.5789176
            ],
            [
              126.9770602,
              37.5788314
            ]
          ]
        ]
      }
    },
    {
      "type": "Feature",
      "properties": {
        "osm_id": 446766906,
        "name": "",
        "name_en": "",
        "historic": false,
        "stop_id": null,
        "height": 5.5
      },
      "geometry": {
        "type": "Polygon",
        "coordinates": [
          [
            [
              126.9765262,
              37.5804309
            ],
            [
              126.9765262,
              37.5803751
            ],
            [
              126.9765262,
              37.5803454
            ],
            [
              126.9764692,
              37.5803454
            ],
            [
              126.9764692,
              37.5804309
            ],
            [
              126.9765262,
              37.5804309
            ]
          ]
        ]
      }
    },
    {
      "type": "Feature",
      "properties": {
        "osm_id": 446778283,
        "name": "",
        "name_en": "",
        "historic": false,
        "stop_id": null,
        "height": 5.5
      },
      "geometry": {
        "type": "Polygon",
        "coordinates": [
          [
            [
              126.9759410,
              37.5778252
            ],
            [
              126.9759474,
              37.5779336
            ],
            [
              126.9761754,
              37.5779251
            ],
            [
              126.9761690,
              37.5778167
            ],
            [
              126.9759410,
              37.5778252
            ]
          ]
        ]
      }
    },
    {
      "type": "Feature",
      "properties": {
        "osm_id": 446778285,
        "name": "",
        "name_en": "",
        "historic": false,
        "stop_id": null,
        "height": 5.5
      },
      "geometry": {
        "type": "Polygon",
        "coordinates": [
          [
            [
              126.9750110,
              37.5783809
            ],
            [
              126.9751295,
              37.5783794
            ],
            [
              126.9751213,
              37.5781457
            ],
            [
              126.9750003,
              37.5781481
            ],
            [
              126.9750110,
              37.5783809
            ]
          ]
        ]
      }
    },
    {
      "type": "Feature",
      "properties": {
        "osm_id": 446786083,
        "name": "건숙문",
        "name_en": "Geonsukmun Gate",
        "historic": false,
        "stop_id": null,
        "height": 5.5
      },
      "geometry": {
        "type": "Polygon",
        "coordinates": [
          [
            [
              126.9742738,
              37.5821276
            ],
            [
              126.9743401,
              37.5821445
            ],
            [
              126.9744030,
              37.5821603
            ],
            [
              126.9744150,
              37.5821304
            ],
            [
              126.9744172,
              37.5821250
            ],
            [
              126.9744299,
              37.5820928
            ],
            [
              126.9743692,
              37.5820778
            ],
            [
              126.9743005,
              37.5820608
            ],
            [
              126.9742874,
              37.5820942
            ],
            [
              126.9742847,
              37.5821008
            ],
            [
              126.9742738,
              37.5821276
            ]
          ]
        ]
      }
    },
    {
      "type": "Feature",
      "properties": {
        "osm_id": 446792890,
        "name": "",
        "name_en": "",
        "historic": false,
        "stop_id": null,
        "height": 5.5
      },
      "geometry": {
        "type": "Polygon",
        "coordinates": [
          [
            [
              126.9742588,
              37.5826591
            ],
            [
              126.9743057,
              37.5826701
            ],
            [
              126.9743217,
              37.5826271
            ],
            [
              126.9742747,
              37.5826161
            ],
            [
              126.9742588,
              37.5826591
            ]
          ]
        ]
      }
    },
    {
      "type": "Feature",
      "properties": {
        "osm_id": 446844582,
        "name": "",
        "name_en": "",
        "historic": false,
        "stop_id": null,
        "height": 5.5
      },
      "geometry": {
        "type": "Polygon",
        "coordinates": [
          [
            [
              126.9784782,
              37.5823766
            ],
            [
              126.9785947,
              37.5823638
            ],
            [
              126.9785877,
              37.5823241
            ],
            [
              126.9784712,
              37.5823369
            ],
            [
              126.9784782,
              37.5823766
            ]
          ]
        ]
      }
    },
    {
      "type": "Feature",
      "properties": {
        "osm_id": 447017993,
        "name": "",
        "name_en": "",
        "historic": false,
        "stop_id": null,
        "height": 5.5
      },
      "geometry": {
        "type": "Polygon",
        "coordinates": [
          [
            [
              126.9778686,
              37.5812471
            ],
            [
              126.9779165,
              37.5812474
            ],
            [
              126.9779167,
              37.5812211
            ],
            [
              126.9778688,
              37.5812208
            ],
            [
              126.9778686,
              37.5812471
            ]
          ]
        ]
      }
    },
    {
      "type": "Feature",
      "properties": {
        "osm_id": 447794156,
        "name": "",
        "name_en": "",
        "historic": false,
        "stop_id": null,
        "height": 5.5
      },
      "geometry": {
        "type": "Polygon",
        "coordinates": [
          [
            [
              126.9777803,
              37.5792842
            ],
            [
              126.9777812,
              37.5792999
            ],
            [
              126.9777845,
              37.5793611
            ],
            [
              126.9781031,
              37.5793502
            ],
            [
              126.9781841,
              37.5793474
            ],
            [
              126.9781831,
              37.5793302
            ],
            [
              126.9785469,
              37.5793186
            ],
            [
              126.9785430,
              37.5792611
            ],
            [
              126.9777803,
              37.5792842
            ]
          ]
        ]
      }
    },
    {
      "type": "Feature",
      "properties": {
        "osm_id": 447794881,
        "name": "",
        "name_en": "",
        "historic": false,
        "stop_id": null,
        "height": 5.5
      },
      "geometry": {
        "type": "Polygon",
        "coordinates": [
          [
            [
              126.9788889,
              37.5779408
            ],
            [
              126.9788889,
              37.5778281
            ],
            [
              126.9787602,
              37.5778281
            ],
            [
              126.9787602,
              37.5779408
            ],
            [
              126.9788889,
              37.5779408
            ]
          ]
        ]
      }
    },
    {
      "type": "Feature",
      "properties": {
        "osm_id": 447794882,
        "name": "",
        "name_en": "",
        "historic": false,
        "stop_id": null,
        "height": 5.5
      },
      "geometry": {
        "type": "Polygon",
        "coordinates": [
          [
            [
              126.9790284,
              37.5779365
            ],
            [
              126.9790284,
              37.5778345
            ],
            [
              126.9788986,
              37.5778345
            ],
            [
              126.9788986,
              37.5779365
            ],
            [
              126.9790284,
              37.5779365
            ]
          ]
        ]
      }
    },
    {
      "type": "Feature",
      "properties": {
        "osm_id": 447794883,
        "name": "",
        "name_en": "",
        "historic": false,
        "stop_id": null,
        "height": 5.5
      },
      "geometry": {
        "type": "Polygon",
        "coordinates": [
          [
            [
              126.9785631,
              37.5779450
            ],
            [
              126.9787535,
              37.5779450
            ],
            [
              126.9787535,
              37.5778195
            ],
            [
              126.9785631,
              37.5778195
            ],
            [
              126.9785631,
              37.5779450
            ]
          ]
        ]
      }
    },
    {
      "type": "Feature",
      "properties": {
        "osm_id": 554305333,
        "name": "",
        "name_en": "",
        "historic": false,
        "stop_id": null,
        "height": 5.5
      },
      "geometry": {
        "type": "Polygon",
        "coordinates": [
          [
            [
              126.9787897,
              37.5753470
            ],
            [
              126.9788438,
              37.5752502
            ],
            [
              126.9788726,
              37.5752334
            ],
            [
              126.9789721,
              37.5753456
            ],
            [
              126.9788922,
              37.5753832
            ],
            [
              126.9788150,
              37.5753789
            ],
            [
              126.9788164,
              37.5753609
            ],
            [
              126.9787897,
              37.5753470
            ]
          ]
        ]
      }
    },
    {
      "type": "Feature",
      "properties": {
        "osm_id": 554305334,
        "name": "",
        "name_en": "",
        "historic": false,
        "stop_id": null,
        "height": 10.2
      },
      "geometry": {
        "type": "Polygon",
        "coordinates": [
          [
            [
              126.9789050,
              37.5754469
            ],
            [
              126.9788914,
              37.5754086
            ],
            [
              126.9789927,
              37.5753571
            ],
            [
              126.9790550,
              37.5754263
            ],
            [
              126.9790371,
              37.5754513
            ],
            [
              126.9789050,
              37.5754469
            ]
          ]
        ]
      }
    },
    {
      "type": "Feature",
      "properties": {
        "osm_id": 554305336,
        "name": "",
        "name_en": "",
        "historic": false,
        "stop_id": null,
        "height": 5.5
      },
      "geometry": {
        "type": "Polygon",
        "coordinates": [
          [
            [
              126.9787491,
              37.5754453
            ],
            [
              126.9787522,
              37.5753868
            ],
            [
              126.9788843,
              37.5753912
            ],
            [
              126.9788812,
              37.5754497
            ],
            [
              126.9787491,
              37.5754453
            ]
          ]
        ]
      }
    },
    {
      "type": "Feature",
      "properties": {
        "osm_id": 588133094,
        "name": "여민2관",
        "name_en": "",
        "historic": false,
        "stop_id": null,
        "height": 5.5
      },
      "geometry": {
        "type": "Polygon",
        "coordinates": [
          [
            [
              126.9764620,
              37.5840642
            ],
            [
              126.9764251,
              37.5842502
            ],
            [
              126.9763463,
              37.5842404
            ],
            [
              126.9763199,
              37.5843738
            ],
            [
              126.9763999,
              37.5843838
            ],
            [
              126.9763644,
              37.5845625
            ],
            [
              126.9766204,
              37.5845944
            ],
            [
              126.9767191,
              37.5840962
            ],
            [
              126.9764620,
              37.5840642
            ]
          ]
        ]
      }
    },
    {
      "type": "Feature",
      "properties": {
        "osm_id": 609662759,
        "name": "일중문",
        "name_en": "Iljungmun Gate",
        "historic": true,
        "stop_id": null,
        "height": 8.5
      },
      "geometry": {
        "type": "Polygon",
        "coordinates": [
          [
            [
              126.9750164,
              37.5820559
            ],
            [
              126.9750726,
              37.5820621
            ],
            [
              126.9750771,
              37.5820351
            ],
            [
              126.9750210,
              37.5820286
            ],
            [
              126.9750164,
              37.5820559
            ]
          ]
        ]
      }
    },
    {
      "type": "Feature",
      "properties": {
        "osm_id": 609871494,
        "name": "매표소 1",
        "name_en": "Ticket Office 1",
        "historic": false,
        "stop_id": null,
        "height": 5.5
      },
      "geometry": {
        "type": "Polygon",
        "coordinates": [
          [
            [
              126.9774180,
              37.5764153
            ],
            [
              126.9775146,
              37.5764108
            ],
            [
              126.9775022,
              37.5762199
            ],
            [
              126.9774033,
              37.5762234
            ],
            [
              126.9774180,
              37.5764153
            ]
          ]
        ]
      }
    },
    {
      "type": "Feature",
      "properties": {
        "osm_id": 633165623,
        "name": "",
        "name_en": "",
        "historic": false,
        "stop_id": null,
        "height": 5.5
      },
      "geometry": {
        "type": "Polygon",
        "coordinates": [
          [
            [
              126.9747030,
              37.5783163
            ],
            [
              126.9742663,
              37.5783103
            ],
            [
              126.9742692,
              37.5781806
            ],
            [
              126.9743045,
              37.5781811
            ],
            [
              126.9743053,
              37.5781456
            ],
            [
              126.9741869,
              37.5781440
            ],
            [
              126.9741955,
              37.5777528
            ],
            [
              126.9746353,
              37.5777588
            ],
            [
              126.9746271,
              37.5781346
            ],
            [
              126.9744906,
              37.5781328
            ],
            [
              126.9744889,
              37.5782100
            ],
            [
              126.9747052,
              37.5782130
            ],
            [
              126.9747030,
              37.5783163
            ]
          ]
        ]
      }
    },
    {
      "type": "Feature",
      "properties": {
        "osm_id": 636449768,
        "name": "연풍문",
        "name_en": "Yeonpungmun",
        "historic": false,
        "stop_id": null,
        "height": 5.5
      },
      "geometry": {
        "type": "Polygon",
        "coordinates": [
          [
            [
              126.9764373,
              37.5839826
            ],
            [
              126.9768318,
              37.5840315
            ],
            [
              126.9768785,
              37.5839379
            ],
            [
              126.9768861,
              37.5839118
            ],
            [
              126.9768429,
              37.5838841
            ],
            [
              126.9767342,
              37.5838868
            ],
            [
              126.9766814,
              37.5838646
            ],
            [
              126.9764279,
              37.5838944
            ],
            [
              126.9764303,
              37.5839172
            ],
            [
              126.9764373,
              37.5839826
            ]
          ]
        ]
      }
    },
    {
      "type": "Feature",
      "properties": {
        "osm_id": 636449770,
        "name": "춘추관",
        "name_en": "",
        "historic": false,
        "stop_id": null,
        "height": 6.8
      },
      "geometry": {
        "type": "Polygon",
        "coordinates": [
          [
            [
              126.9788124,
              37.5838837
            ],
            [
              126.9787759,
              37.5839578
            ],
            [
              126.9786828,
              37.5839291
            ],
            [
              126.9786415,
              37.5840131
            ],
            [
              126.9787346,
              37.5840419
            ],
            [
              126.9787059,
              37.5841002
            ],
            [
              126.9790157,
              37.5841959
            ],
            [
              126.9790358,
              37.5841550
            ],
            [
              126.9793571,
              37.5842542
            ],
            [
              126.9793824,
              37.5842028
            ],
            [
              126.9793944,
              37.5841324
            ],
            [
              126.9793944,
              37.5840400
            ],
            [
              126.9793605,
              37.5839533
            ],
            [
              126.9792769,
              37.5839814
            ],
            [
              126.9792437,
              37.5839248
            ],
            [
              126.9791214,
              37.5839739
            ],
            [
              126.9788124,
              37.5838837
            ]
          ]
        ]
      }
    },
    {
      "type": "Feature",
      "properties": {
        "osm_id": 772263043,
        "name": "",
        "name_en": "",
        "historic": false,
        "stop_id": null,
        "height": 5.5
      },
      "geometry": {
        "type": "Polygon",
        "coordinates": [
          [
            [
              126.9768316,
              37.5777898
            ],
            [
              126.9769027,
              37.5777324
            ],
            [
              126.9768243,
              37.5776747
            ],
            [
              126.9768263,
              37.5777048
            ],
            [
              126.9768309,
              37.5777785
            ],
            [
              126.9768316,
              37.5777898
            ]
          ]
        ]
      }
    },
    {
      "type": "Feature",
      "properties": {
        "osm_id": 772263044,
        "name": "",
        "name_en": "",
        "historic": false,
        "stop_id": null,
        "height": 5.5
      },
      "geometry": {
        "type": "Polygon",
        "coordinates": [
          [
            [
              126.9770678,
              37.5777807
            ],
            [
              126.9769893,
              37.5777290
            ],
            [
              126.9770605,
              37.5776653
            ],
            [
              126.9770623,
              37.5776982
            ],
            [
              126.9770672,
              37.5777713
            ],
            [
              126.9770678,
              37.5777807
            ]
          ]
        ]
      }
    },
    {
      "type": "Feature",
      "properties": {
        "osm_id": 772263045,
        "name": "",
        "name_en": "",
        "historic": false,
        "stop_id": null,
        "height": 5.5
      },
      "geometry": {
        "type": "Polygon",
        "coordinates": [
          [
            [
              126.9768243,
              37.5776747
            ],
            [
              126.9769027,
              37.5777324
            ],
            [
              126.9769893,
              37.5777290
            ],
            [
              126.9770605,
              37.5776653
            ],
            [
              126.9769993,
              37.5776681
            ],
            [
              126.9769343,
              37.5776705
            ],
            [
              126.9768776,
              37.5776726
            ],
            [
              126.9768243,
              37.5776747
            ]
          ]
        ]
      }
    },
    {
      "type": "Feature",
      "properties": {
        "osm_id": 772263046,
        "name": "",
        "name_en": "",
        "historic": false,
        "stop_id": null,
        "height": 5.5
      },
      "geometry": {
        "type": "Polygon",
        "coordinates": [
          [
            [
              126.9768316,
              37.5777898
            ],
            [
              126.9769027,
              37.5777324
            ],
            [
              126.9769893,
              37.5777290
            ],
            [
              126.9770678,
              37.5777807
            ],
            [
              126.9770375,
              37.5777816
            ],
            [
              126.9769462,
              37.5777854
            ],
            [
              126.9768316,
              37.5777898
            ]
          ]
        ]
      }
    },
    {
      "type": "Feature",
      "properties": {
        "osm_id": 772263049,
        "name": "",
        "name_en": "",
        "historic": false,
        "stop_id": null,
        "height": 14
      },
      "geometry": {
        "type": "Polygon",
        "coordinates": [
          [
            [
              126.9767782,
              37.5768934
            ],
            [
              126.9767929,
              37.5769063
            ],
            [
              126.9768517,
              37.5769580
            ],
            [
              126.9769561,
              37.5769540
            ],
            [
              126.9769908,
              37.5769186
            ],
            [
              126.9770116,
              37.5768973
            ],
            [
              126.9770232,
              37.5768855
            ],
            [
              126.9769495,
              37.5768887
            ],
            [
              126.9769392,
              37.5768886
            ],
            [
              126.9768998,
              37.5768896
            ],
            [
              126.9768572,
              37.5768909
            ],
            [
              126.9768400,
              37.5768914
            ],
            [
              126.9767782,
              37.5768934
            ]
          ]
        ]
      }
    },
    {
      "type": "Feature",
      "properties": {
        "osm_id": 772263050,
        "name": "",
        "name_en": "",
        "historic": false,
        "stop_id": null,
        "height": 14
      },
      "geometry": {
        "type": "Polygon",
        "coordinates": [
          [
            [
              126.9767843,
              37.5770208
            ],
            [
              126.9767971,
              37.5770089
            ],
            [
              126.9768517,
              37.5769580
            ],
            [
              126.9769561,
              37.5769540
            ],
            [
              126.9770298,
              37.5770125
            ],
            [
              126.9769689,
              37.5770145
            ],
            [
              126.9769458,
              37.5770149
            ],
            [
              126.9769076,
              37.5770162
            ],
            [
              126.9768653,
              37.5770176
            ],
            [
              126.9768445,
              37.5770187
            ],
            [
              126.9767843,
              37.5770208
            ]
          ]
        ]
      }
    },
    {
      "type": "Feature",
      "properties": {
        "osm_id": 791760598,
        "name": "추수부용루",
        "name_en": "Chusubuyongnu",
        "historic": false,
        "stop_id": null,
        "height": 5.5
      },
      "geometry": {
        "type": "Polygon",
        "coordinates": [
          [
            [
              126.9769345,
              37.5829984
            ],
            [
              126.9769367,
              37.5829617
            ],
            [
              126.9768325,
              37.5829578
            ],
            [
              126.9768303,
              37.5829950
            ],
            [
              126.9769345,
              37.5829984
            ]
          ]
        ]
      }
    },
    {
      "type": "Feature",
      "properties": {
        "osm_id": 791760599,
        "name": "함광문",
        "name_en": "Hamgwangmun",
        "historic": false,
        "stop_id": null,
        "height": 5.5
      },
      "geometry": {
        "type": "Polygon",
        "coordinates": [
          [
            [
              126.9773285,
              37.5830663
            ],
            [
              126.9773319,
              37.5830081
            ],
            [
              126.9772758,
              37.5830060
            ],
            [
              126.9772707,
              37.5830641
            ],
            [
              126.9773285,
              37.5830663
            ]
          ]
        ]
      }
    },
    {
      "type": "Feature",
      "properties": {
        "osm_id": 791760600,
        "name": "",
        "name_en": "",
        "historic": false,
        "stop_id": null,
        "height": 5.5
      },
      "geometry": {
        "type": "Polygon",
        "coordinates": [
          [
            [
              126.9772642,
              37.5828909
            ],
            [
              126.9772677,
              37.5828441
            ],
            [
              126.9773232,
              37.5828462
            ],
            [
              126.9773198,
              37.5828929
            ],
            [
              126.9772642,
              37.5828909
            ]
          ]
        ]
      }
    },
    {
      "type": "Feature",
      "properties": {
        "osm_id": 791760601,
        "name": "팔우정",
        "name_en": "Parujeong",
        "historic": false,
        "stop_id": null,
        "height": 5.5
      },
      "geometry": {
        "type": "Polygon",
        "coordinates": [
          [
            [
              126.9758917,
              37.5834505
            ],
            [
              126.9758628,
              37.5834801
            ],
            [
              126.9758090,
              37.5834792
            ],
            [
              126.9757855,
              37.5834492
            ],
            [
              126.9757877,
              37.5834197
            ],
            [
              126.9758127,
              37.5833937
            ],
            [
              126.9758676,
              37.5833936
            ],
            [
              126.9758904,
              37.5834167
            ],
            [
              126.9758917,
              37.5834505
            ]
          ]
        ]
      }
    },
    {
      "type": "Feature",
      "properties": {
        "osm_id": 791760602,
        "name": "협길당",
        "name_en": "Hyeopgildang",
        "historic": false,
        "stop_id": null,
        "height": 5.5
      },
      "geometry": {
        "type": "Polygon",
        "coordinates": [
          [
            [
              126.9763520,
              37.5835546
            ],
            [
              126.9763515,
              37.5835356
            ],
            [
              126.9763873,
              37.5835350
            ],
            [
              126.9763831,
              37.5833881
            ],
            [
              126.9762474,
              37.5833905
            ],
            [
              126.9762461,
              37.5834509
            ],
            [
              126.9762494,
              37.5835564
            ],
            [
              126.9763520,
              37.5835546
            ]
          ]
        ]
      }
    },
    {
      "type": "Feature",
      "properties": {
        "osm_id": 791760603,
        "name": "건길문",
        "name_en": "",
        "historic": false,
        "stop_id": null,
        "height": 5.5
      },
      "geometry": {
        "type": "Polygon",
        "coordinates": [
          [
            [
              126.9744705,
              37.5826197
            ],
            [
              126.9744069,
              37.5826017
            ],
            [
              126.9744162,
              37.5825768
            ],
            [
              126.9744800,
              37.5825942
            ],
            [
              126.9744705,
              37.5826197
            ]
          ]
        ]
      }
    },
    {
      "type": "Feature",
      "properties": {
        "osm_id": 791760604,
        "name": "경사합",
        "name_en": "Gyeongsahap",
        "historic": false,
        "stop_id": null,
        "height": 5.5
      },
      "geometry": {
        "type": "Polygon",
        "coordinates": [
          [
            [
              126.9744754,
              37.5824174
            ],
            [
              126.9743113,
              37.5823791
            ],
            [
              126.9743315,
              37.5823249
            ],
            [
              126.9743829,
              37.5823369
            ],
            [
              126.9744413,
              37.5823398
            ],
            [
              126.9744352,
              37.5823560
            ],
            [
              126.9744956,
              37.5823701
            ],
            [
              126.9744754,
              37.5824174
            ]
          ]
        ]
      }
    },
    {
      "type": "Feature",
      "properties": {
        "osm_id": 791760605,
        "name": "공묵재",
        "name_en": "Gongbukjae",
        "historic": false,
        "stop_id": null,
        "height": 5.5
      },
      "geometry": {
        "type": "Polygon",
        "coordinates": [
          [
            [
              126.9745423,
              37.5823634
            ],
            [
              126.9744413,
              37.5823398
            ],
            [
              126.9743872,
              37.5823254
            ],
            [
              126.9744130,
              37.5822560
            ],
            [
              126.9745687,
              37.5822924
            ],
            [
              126.9745423,
              37.5823634
            ]
          ]
        ]
      }
    },
    {
      "type": "Feature",
      "properties": {
        "osm_id": 791760608,
        "name": "예성문",
        "name_en": "",
        "historic": false,
        "stop_id": null,
        "height": 5.5
      },
      "geometry": {
        "type": "Polygon",
        "coordinates": [
          [
            [
              126.9762212,
              37.5817152
            ],
            [
              126.9761912,
              37.5817091
            ],
            [
              126.9761959,
              37.5816904
            ],
            [
              126.9762003,
              37.5816725
            ],
            [
              126.9762312,
              37.5816780
            ],
            [
              126.9762212,
              37.5817152
            ]
          ]
        ]
      }
    },
    {
      "type": "Feature",
      "properties": {
        "osm_id": 791760609,
        "name": "함홍각",
        "name_en": "",
        "historic": false,
        "stop_id": null,
        "height": 5.5
      },
      "geometry": {
        "type": "Polygon",
        "coordinates": [
          [
            [
              126.9769013,
              37.5799459
            ],
            [
              126.9768985,
              37.5798790
            ],
            [
              126.9768208,
              37.5798811
            ],
            [
              126.9768253,
              37.5799478
            ],
            [
              126.9769013,
              37.5799459
            ]
          ]
        ]
      }
    },
    {
      "type": "Feature",
      "properties": {
        "osm_id": 791760612,
        "name": "하향정",
        "name_en": "Hahyangjeong",
        "historic": false,
        "stop_id": null,
        "height": 5.5
      },
      "geometry": {
        "type": "Polygon",
        "coordinates": [
          [
            [
              126.9753080,
              37.5802425
            ],
            [
              126.9753369,
              37.5802413
            ],
            [
              126.9753517,
              37.5802230
            ],
            [
              126.9753381,
              37.5802029
            ],
            [
              126.9753061,
              37.5802039
            ],
            [
              126.9752943,
              37.5802253
            ],
            [
              126.9753080,
              37.5802425
            ]
          ]
        ]
      }
    },
    {
      "type": "Feature",
      "properties": {
        "osm_id": 791760613,
        "name": "홍경문",
        "name_en": "",
        "historic": true,
        "stop_id": null,
        "height": 8.5
      },
      "geometry": {
        "type": "Polygon",
        "coordinates": [
          [
            [
              126.9745777,
              37.5822412
            ],
            [
              126.9745896,
              37.5822449
            ],
            [
              126.9745942,
              37.5822307
            ],
            [
              126.9745977,
              37.5822197
            ],
            [
              126.9745850,
              37.5822162
            ],
            [
              126.9745777,
              37.5822412
            ]
          ]
        ]
      }
    },
    {
      "type": "Feature",
      "properties": {
        "osm_id": 810681793,
        "name": "흥복전",
        "name_en": "Heungbokjeon",
        "historic": false,
        "stop_id": null,
        "height": 5.5
      },
      "geometry": {
        "type": "Polygon",
        "coordinates": [
          [
            [
              126.9768571,
              37.5806647
            ],
            [
              126.9771789,
              37.5806597
            ],
            [
              126.9771832,
              37.5808305
            ],
            [
              126.9770744,
              37.5808322
            ],
            [
              126.9770728,
              37.5807704
            ],
            [
              126.9768598,
              37.5807738
            ],
            [
              126.9768598,
              37.5807352
            ],
            [
              126.9768597,
              37.5806793
            ],
            [
              126.9768571,
              37.5806647
            ]
          ]
        ]
      }
    },
    {
      "type": "Feature",
      "properties": {
        "osm_id": 810681794,
        "name": "",
        "name_en": "",
        "historic": false,
        "stop_id": null,
        "height": 5.5
      },
      "geometry": {
        "type": "Polygon",
        "coordinates": [
          [
            [
              126.9768597,
              37.5806793
            ],
            [
              126.9767524,
              37.5806794
            ],
            [
              126.9767520,
              37.5804693
            ],
            [
              126.9768439,
              37.5804692
            ],
            [
              126.9768438,
              37.5804009
            ],
            [
              126.9766626,
              37.5804011
            ],
            [
              126.9766637,
              37.5809673
            ],
            [
              126.9772928,
              37.5809665
            ],
            [
              126.9772923,
              37.5807170
            ],
            [
              126.9772116,
              37.5807171
            ],
            [
              126.9772119,
              37.5808941
            ],
            [
              126.9767517,
              37.5808945
            ],
            [
              126.9767514,
              37.5807353
            ],
            [
              126.9768598,
              37.5807352
            ],
            [
              126.9768597,
              37.5806793
            ]
          ]
        ]
      }
    },
    {
      "type": "Feature",
      "properties": {
        "osm_id": 822154092,
        "name": "",
        "name_en": "",
        "historic": false,
        "stop_id": null,
        "height": 14
      },
      "geometry": {
        "type": "Polygon",
        "coordinates": [
          [
            [
              126.9767843,
              37.5770208
            ],
            [
              126.9767842,
              37.5770089
            ],
            [
              126.9767792,
              37.5769127
            ],
            [
              126.9767782,
              37.5768934
            ],
            [
              126.9767929,
              37.5769063
            ],
            [
              126.9768517,
              37.5769580
            ],
            [
              126.9767971,
              37.5770089
            ],
            [
              126.9767843,
              37.5770208
            ]
          ]
        ]
      }
    },
    {
      "type": "Feature",
      "properties": {
        "osm_id": 822154094,
        "name": "",
        "name_en": "",
        "historic": false,
        "stop_id": null,
        "height": 14
      },
      "geometry": {
        "type": "Polygon",
        "coordinates": [
          [
            [
              126.9769561,
              37.5769540
            ],
            [
              126.9770298,
              37.5770125
            ],
            [
              126.9770293,
              37.5770038
            ],
            [
              126.9770239,
              37.5768990
            ],
            [
              126.9770232,
              37.5768855
            ],
            [
              126.9770116,
              37.5768973
            ],
            [
              126.9769908,
              37.5769186
            ],
            [
              126.9769561,
              37.5769540
            ]
          ]
        ]
      }
    },
    {
      "type": "Feature",
      "properties": {
        "osm_id": 822156051,
        "name": "",
        "name_en": "",
        "historic": false,
        "stop_id": null,
        "height": 5.5
      },
      "geometry": {
        "type": "Polygon",
        "coordinates": [
          [
            [
              126.9762556,
              37.5776520
            ],
            [
              126.9762994,
              37.5776100
            ],
            [
              126.9763243,
              37.5776095
            ],
            [
              126.9763625,
              37.5776095
            ],
            [
              126.9764035,
              37.5776484
            ],
            [
              126.9763925,
              37.5776490
            ],
            [
              126.9762721,
              37.5776516
            ],
            [
              126.9762556,
              37.5776520
            ]
          ]
        ]
      }
    },
    {
      "type": "Feature",
      "properties": {
        "osm_id": 822156052,
        "name": "",
        "name_en": "",
        "historic": false,
        "stop_id": null,
        "height": 5.5
      },
      "geometry": {
        "type": "Polygon",
        "coordinates": [
          [
            [
              126.9762487,
              37.5774771
            ],
            [
              126.9762932,
              37.5775133
            ],
            [
              126.9763199,
              37.5775126
            ],
            [
              126.9763550,
              37.5775114
            ],
            [
              126.9763979,
              37.5774739
            ],
            [
              126.9763781,
              37.5774739
            ],
            [
              126.9762679,
              37.5774766
            ],
            [
              126.9762487,
              37.5774771
            ]
          ]
        ]
      }
    },
    {
      "type": "Feature",
      "properties": {
        "osm_id": 822156053,
        "name": "",
        "name_en": "",
        "historic": false,
        "stop_id": null,
        "height": 5.5
      },
      "geometry": {
        "type": "Polygon",
        "coordinates": [
          [
            [
              126.9762556,
              37.5776520
            ],
            [
              126.9762994,
              37.5776100
            ],
            [
              126.9763243,
              37.5776095
            ],
            [
              126.9763199,
              37.5775126
            ],
            [
              126.9762932,
              37.5775133
            ],
            [
              126.9762487,
              37.5774771
            ],
            [
              126.9762556,
              37.5776520
            ]
          ]
        ]
      }
    },
    {
      "type": "Feature",
      "properties": {
        "osm_id": 822156054,
        "name": "",
        "name_en": "",
        "historic": false,
        "stop_id": null,
        "height": 5.5
      },
      "geometry": {
        "type": "Polygon",
        "coordinates": [
          [
            [
              126.9763979,
              37.5774739
            ],
            [
              126.9763550,
              37.5775114
            ],
            [
              126.9763199,
              37.5775126
            ],
            [
              126.9763243,
              37.5776095
            ],
            [
              126.9763625,
              37.5776095
            ],
            [
              126.9764035,
              37.5776484
            ],
            [
              126.9764010,
              37.5776017
            ],
            [
              126.9763976,
              37.5774941
            ],
            [
              126.9763979,
              37.5774739
            ]
          ]
        ]
      }
    },
    {
      "type": "Feature",
      "properties": {
        "osm_id": 842192001,
        "name": "향원정",
        "name_en": "",
        "historic": false,
        "stop_id": "hyangwonjeong",
        "height": 9
      },
      "geometry": {
        "type": "Polygon",
        "coordinates": [
          [
            [
              126.9770118,
              37.5824161
            ],
            [
              126.9769796,
              37.5823798
            ],
            [
              126.9770052,
              37.5823377
            ],
            [
              126.9770763,
              37.5823378
            ],
            [
              126.9771057,
              37.5823798
            ],
            [
              126.9770744,
              37.5824163
            ],
            [
              126.9770118,
              37.5824161
            ]
          ]
        ]
      }
    },
    {
      "type": "Feature",
      "properties": {
        "osm_id": 892361563,
        "name": "영군직소",
        "name_en": "",
        "historic": false,
        "stop_id": null,
        "height": 5.5
      },
      "geometry": {
        "type": "Polygon",
        "coordinates": [
          [
            [
              126.9777581,
              37.5760020
            ],
            [
              126.9779071,
              37.5760026
            ],
            [
              126.9779125,
              37.5759643
            ],
            [
              126.9777595,
              37.5759648
            ],
            [
              126.9777581,
              37.5760020
            ]
          ]
        ]
      }
    },
    {
      "type": "Feature",
      "properties": {
        "osm_id": 1157159992,
        "name": "옥호루",
        "name_en": "Okhoru",
        "historic": false,
        "stop_id": null,
        "height": 5.5
      },
      "geometry": {
        "type": "Polygon",
        "coordinates": [
          [
            [
              126.9773406,
              37.5831557
            ],
            [
              126.9773388,
              37.5831869
            ],
            [
              126.9772754,
              37.5831850
            ],
            [
              126.9772777,
              37.5831533
            ],
            [
              126.9773406,
              37.5831557
            ]
          ]
        ]
      }
    },
    {
      "type": "Feature",
      "properties": {
        "osm_id": 1164809407,
        "name": "",
        "name_en": "",
        "historic": false,
        "stop_id": null,
        "height": 5.5
      },
      "geometry": {
        "type": "Polygon",
        "coordinates": [
          [
            [
              126.9743680,
              37.5839852
            ],
            [
              126.9742749,
              37.5839695
            ],
            [
              126.9742521,
              37.5840540
            ],
            [
              126.9743452,
              37.5840697
            ],
            [
              126.9743680,
              37.5839852
            ]
          ]
        ]
      }
    },
    {
      "type": "Feature",
      "properties": {
        "osm_id": 1185064710,
        "name": "초양문",
        "name_en": "",
        "historic": false,
        "stop_id": null,
        "height": 5.5
      },
      "geometry": {
        "type": "Polygon",
        "coordinates": [
          [
            [
              126.9771814,
              37.5829262
            ],
            [
              126.9771820,
              37.5829055
            ],
            [
              126.9772000,
              37.5829059
            ],
            [
              126.9771994,
              37.5829266
            ],
            [
              126.9771814,
              37.5829262
            ]
          ]
        ]
      }
    },
    {
      "type": "Feature",
      "properties": {
        "osm_id": 1203368735,
        "name": "",
        "name_en": "",
        "historic": false,
        "stop_id": null,
        "height": 8.5
      },
      "geometry": {
        "type": "Polygon",
        "coordinates": [
          [
            [
              126.9767834,
              37.5770204
            ],
            [
              126.9767971,
              37.5770089
            ],
            [
              126.9768169,
              37.5769907
            ],
            [
              126.9769958,
              37.5769848
            ],
            [
              126.9770171,
              37.5770021
            ],
            [
              126.9770298,
              37.5770125
            ],
            [
              126.9769680,
              37.5770141
            ],
            [
              126.9769449,
              37.5770145
            ],
            [
              126.9769067,
              37.5770158
            ],
            [
              126.9768644,
              37.5770172
            ],
            [
              126.9768436,
              37.5770183
            ],
            [
              126.9767834,
              37.5770204
            ]
          ]
        ]
      }
    },
    {
      "type": "Feature",
      "properties": {
        "osm_id": 1203368736,
        "name": "",
        "name_en": "",
        "historic": false,
        "stop_id": null,
        "height": 8.5
      },
      "geometry": {
        "type": "Polygon",
        "coordinates": [
          [
            [
              126.9769958,
              37.5769848
            ],
            [
              126.9770171,
              37.5770021
            ],
            [
              126.9770298,
              37.5770125
            ],
            [
              126.9770230,
              37.5768986
            ],
            [
              126.9770223,
              37.5768851
            ],
            [
              126.9770116,
              37.5768973
            ],
            [
              126.9769908,
              37.5769186
            ],
            [
              126.9769958,
              37.5769848
            ]
          ]
        ]
      }
    },
    {
      "type": "Feature",
      "properties": {
        "osm_id": 1203368737,
        "name": "",
        "name_en": "",
        "historic": false,
        "stop_id": null,
        "height": 8.5
      },
      "geometry": {
        "type": "Polygon",
        "coordinates": [
          [
            [
              126.9767773,
              37.5768930
            ],
            [
              126.9767929,
              37.5769063
            ],
            [
              126.9768127,
              37.5769243
            ],
            [
              126.9769908,
              37.5769186
            ],
            [
              126.9770116,
              37.5768973
            ],
            [
              126.9770223,
              37.5768851
            ],
            [
              126.9769486,
              37.5768883
            ],
            [
              126.9769383,
              37.5768882
            ],
            [
              126.9768989,
              37.5768892
            ],
            [
              126.9768563,
              37.5768905
            ],
            [
              126.9768391,
              37.5768910
            ],
            [
              126.9767773,
              37.5768930
            ]
          ]
        ]
      }
    },
    {
      "type": "Feature",
      "properties": {
        "osm_id": 1203368738,
        "name": "",
        "name_en": "",
        "historic": false,
        "stop_id": null,
        "height": 8.5
      },
      "geometry": {
        "type": "Polygon",
        "coordinates": [
          [
            [
              126.9767834,
              37.5770204
            ],
            [
              126.9767833,
              37.5770085
            ],
            [
              126.9767783,
              37.5769123
            ],
            [
              126.9767773,
              37.5768930
            ],
            [
              126.9767929,
              37.5769063
            ],
            [
              126.9768127,
              37.5769243
            ],
            [
              126.9768169,
              37.5769907
            ],
            [
              126.9767971,
              37.5770089
            ],
            [
              126.9767834,
              37.5770204
            ]
          ]
        ]
      }
    },
    {
      "type": "Feature",
      "properties": {
        "osm_id": 1203368739,
        "name": "흥례문",
        "name_en": "Heungnyemun Gate",
        "historic": true,
        "stop_id": "heungnyemun",
        "height": 11.5
      },
      "geometry": {
        "type": "Polygon",
        "coordinates": [
          [
            [
              126.9767971,
              37.5770089
            ],
            [
              126.9767929,
              37.5769063
            ],
            [
              126.9770116,
              37.5768973
            ],
            [
              126.9770171,
              37.5770021
            ],
            [
              126.9767971,
              37.5770089
            ]
          ]
        ]
      }
    },
    {
      "type": "Feature",
      "properties": {
        "osm_id": 1279065116,
        "name": "",
        "name_en": "",
        "historic": false,
        "stop_id": null,
        "height": 5.5
      },
      "geometry": {
        "type": "Polygon",
        "coordinates": [
          [
            [
              126.9751382,
              37.5783803
            ],
            [
              126.9752567,
              37.5783788
            ],
            [
              126.9752463,
              37.5781454
            ],
            [
              126.9751275,
              37.5781475
            ],
            [
              126.9751382,
              37.5783803
            ]
          ]
        ]
      }
    },
    {
      "type": "Feature",
      "properties": {
        "osm_id": 1279065117,
        "name": "",
        "name_en": "",
        "historic": false,
        "stop_id": null,
        "height": 5.5
      },
      "geometry": {
        "type": "Polygon",
        "coordinates": [
          [
            [
              126.9752634,
              37.5783785
            ],
            [
              126.9753819,
              37.5783771
            ],
            [
              126.9753715,
              37.5781436
            ],
            [
              126.9752527,
              37.5781458
            ],
            [
              126.9752634,
              37.5783785
            ]
          ]
        ]
      }
    },
    {
      "type": "Feature",
      "properties": {
        "osm_id": 1279065118,
        "name": "",
        "name_en": "",
        "historic": false,
        "stop_id": null,
        "height": 5.5
      },
      "geometry": {
        "type": "Polygon",
        "coordinates": [
          [
            [
              126.9753900,
              37.5783743
            ],
            [
              126.9755085,
              37.5783729
            ],
            [
              126.9754981,
              37.5781394
            ],
            [
              126.9753793,
              37.5781416
            ],
            [
              126.9753900,
              37.5783743
            ]
          ]
        ]
      }
    },
    {
      "type": "Feature",
      "properties": {
        "osm_id": 1279065120,
        "name": "",
        "name_en": "",
        "historic": false,
        "stop_id": null,
        "height": 5.5
      },
      "geometry": {
        "type": "Polygon",
        "coordinates": [
          [
            [
              126.9755946,
              37.5783178
            ],
            [
              126.9755910,
              37.5782175
            ],
            [
              126.9756928,
              37.5782147
            ],
            [
              126.9756999,
              37.5783143
            ],
            [
              126.9755946,
              37.5783178
            ]
          ]
        ]
      }
    },
    {
      "type": "Feature",
      "properties": {
        "osm_id": 1279997267,
        "name": "",
        "name_en": "",
        "historic": false,
        "stop_id": null,
        "height": 5.5
      },
      "geometry": {
        "type": "Polygon",
        "coordinates": [
          [
            [
              126.9779102,
              37.5776723
            ],
            [
              126.9778396,
              37.5776757
            ],
            [
              126.9778404,
              37.5776806
            ],
            [
              126.9778425,
              37.5777122
            ],
            [
              126.9778429,
              37.5777182
            ],
            [
              126.9779113,
              37.5777149
            ],
            [
              126.9779108,
              37.5777085
            ],
            [
              126.9779086,
              37.5776753
            ],
            [
              126.9779102,
              37.5776723
            ]
          ]
        ]
      }
    },
    {
      "type": "Feature",
      "properties": {
        "osm_id": 1350696295,
        "name": "",
        "name_en": "",
        "historic": false,
        "stop_id": null,
        "height": 5.5
      },
      "geometry": {
        "type": "Polygon",
        "coordinates": [
          [
            [
              126.9765080,
              37.5760083
            ],
            [
              126.9764853,
              37.5760088
            ],
            [
              126.9764861,
              37.5760331
            ],
            [
              126.9765089,
              37.5760326
            ],
            [
              126.9765080,
              37.5760083
            ]
          ]
        ]
      }
    },
    {
      "type": "Feature",
      "properties": {
        "osm_id": 1351186570,
        "name": "",
        "name_en": "",
        "historic": false,
        "stop_id": null,
        "height": 5.5
      },
      "geometry": {
        "type": "Polygon",
        "coordinates": [
          [
            [
              126.9785629,
              37.5768837
            ],
            [
              126.9786072,
              37.5768841
            ],
            [
              126.9786082,
              37.5768086
            ],
            [
              126.9785639,
              37.5768083
            ],
            [
              126.9785629,
              37.5768837
            ]
          ]
        ]
      }
    },
    {
      "type": "Feature",
      "properties": {
        "osm_id": 1351186571,
        "name": "",
        "name_en": "",
        "historic": false,
        "stop_id": null,
        "height": 5.5
      },
      "geometry": {
        "type": "Polygon",
        "coordinates": [
          [
            [
              126.9786075,
              37.5767993
            ],
            [
              126.9786076,
              37.5767355
            ],
            [
              126.9785636,
              37.5767355
            ],
            [
              126.9785635,
              37.5767993
            ],
            [
              126.9786075,
              37.5767993
            ]
          ]
        ]
      }
    },
    {
      "type": "Feature",
      "properties": {
        "osm_id": 1393586726,
        "name": "",
        "name_en": "",
        "historic": false,
        "stop_id": null,
        "height": 5.5
      },
      "geometry": {
        "type": "Polygon",
        "coordinates": [
          [
            [
              126.9779909,
              37.5822400
            ],
            [
              126.9779778,
              37.5821341
            ],
            [
              126.9781915,
              37.5821175
            ],
            [
              126.9782037,
              37.5822163
            ],
            [
              126.9781398,
              37.5822212
            ],
            [
              126.9781386,
              37.5822117
            ],
            [
              126.9781188,
              37.5822133
            ],
            [
              126.9781217,
              37.5822367
            ],
            [
              126.9780552,
              37.5822419
            ],
            [
              126.9780529,
              37.5822232
            ],
            [
              126.9780415,
              37.5822241
            ],
            [
              126.9780429,
              37.5822359
            ],
            [
              126.9779909,
              37.5822400
            ]
          ]
        ]
      }
    },
    {
      "type": "Feature",
      "properties": {
        "osm_id": 1412675430,
        "name": "계조당",
        "name_en": "",
        "historic": true,
        "stop_id": null,
        "height": 8.5
      },
      "geometry": {
        "type": "Polygon",
        "coordinates": [
          [
            [
              126.9777712,
              37.5778174
            ],
            [
              126.9779877,
              37.5778103
            ],
            [
              126.9779934,
              37.5779253
            ],
            [
              126.9777768,
              37.5779323
            ],
            [
              126.9777712,
              37.5778174
            ]
          ]
        ]
      }
    },
    {
      "type": "Feature",
      "properties": {
        "osm_id": 1414006298,
        "name": "",
        "name_en": "",
        "historic": false,
        "stop_id": null,
        "height": 5.5
      },
      "geometry": {
        "type": "Polygon",
        "coordinates": [
          [
            [
              126.9787926,
              37.5838846
            ],
            [
              126.9785476,
              37.5838041
            ],
            [
              126.9785120,
              37.5837421
            ],
            [
              126.9788292,
              37.5836824
            ],
            [
              126.9789115,
              37.5837002
            ],
            [
              126.9788374,
              37.5838451
            ],
            [
              126.9788181,
              37.5838456
            ],
            [
              126.9787926,
              37.5838846
            ]
          ]
        ]
      }
    },
    {
      "type": "Feature",
      "properties": {
        "osm_id": 1426254034,
        "name": "",
        "name_en": "",
        "historic": false,
        "stop_id": null,
        "height": 5.5
      },
      "geometry": {
        "type": "Polygon",
        "coordinates": [
          [
            [
              126.9776842,
              37.5777189
            ],
            [
              126.9778425,
              37.5777122
            ],
            [
              126.9778404,
              37.5776806
            ],
            [
              126.9776821,
              37.5776873
            ],
            [
              126.9776842,
              37.5777189
            ]
          ]
        ]
      }
    },
    {
      "type": "Feature",
      "properties": {
        "osm_id": 1426254035,
        "name": "",
        "name_en": "",
        "historic": false,
        "stop_id": null,
        "height": 5.5
      },
      "geometry": {
        "type": "Polygon",
        "coordinates": [
          [
            [
              126.9779108,
              37.5777085
            ],
            [
              126.9780228,
              37.5777049
            ],
            [
              126.9780312,
              37.5779756
            ],
            [
              126.9780927,
              37.5779748
            ],
            [
              126.9780794,
              37.5776713
            ],
            [
              126.9779086,
              37.5776753
            ],
            [
              126.9779108,
              37.5777085
            ]
          ]
        ]
      }
    },
    {
      "type": "Feature",
      "properties": {
        "osm_id": 1426254040,
        "name": "",
        "name_en": "",
        "historic": false,
        "stop_id": null,
        "height": 5.5
      },
      "geometry": {
        "type": "Polygon",
        "coordinates": [
          [
            [
              126.9780748,
              37.5773694
            ],
            [
              126.9780748,
              37.5773904
            ],
            [
              126.9781230,
              37.5773903
            ],
            [
              126.9781633,
              37.5773902
            ],
            [
              126.9781633,
              37.5773685
            ],
            [
              126.9781632,
              37.5773480
            ],
            [
              126.9781215,
              37.5773481
            ],
            [
              126.9780747,
              37.5773482
            ],
            [
              126.9780748,
              37.5773694
            ]
          ]
        ]
      }
    }
  ]
}
